Run_ID,Avg_temp,Avg_pH,Min_DO %,Inoculum size (mL),Max_RPM,Total feed of Lactose (mL),Total culture duration (days),Contamination (Y/N),Total media volume (mL),Max FPU/ml,Notes
TRICH_01,28.5,5.103,0.5,50,300,0,5,Y,3000,0.1,Low yeild
TRICH_02,29.3,4.95,0.6,50,250,0,5,Y,3000,0.3,Low yeild
TRICH_03,25,4.477,6.4,100,250,1400,6,N,4400,1.5,Medium Yeild
TRICH_04,25.6,4.68,12.8,100,250,1000,6,N,4000,2,Medium Yeild
TRICH_05,26.1,4.59,45,100,200,1000,6,N,4000,5.6,High Yeild
TRICH_06,25.11,4.501,50,100,250,1000,6,N,4000,4.8,Medium Yeild
TRICH_07,25.12,4.5,40,100,250,500,6,N,3500,4.2,Medium Yeild
TRICH_08,30.01,5.01,35,100,250,1000,6,N,4000,4,Medium Yeild
TRICH_09,25.01,4.503,40,100,250,1500,6,N,4500,5.8,High Yeild
TRICH_10,26.3,4.43,44,100,255,1500,4,N,4500,3.6,Medium Yeild
TRICH_11,26.1,4.62,43,100,250,1500,3,N,4500,2.5,Medium yeild
TRICH_12,25.07,5.21,1.2,100,245,1500,6,Y,4500,0.5,Low yeild
TRICH_13,27.1,6.002,3.2,100,250,1500,6,Y,4500,0.7,Low yeild
TRICH_14,29.4,6.75,1.7,100,250,1500,6,Y,4500,0.2,Low yeild
TRICH_15,31.4,5.89,0.5,100,250,1500,5,Y,4500,0.3,Low yeild
TRICH_15,30.6,6.11,0.8,50,300,1500,6,Y,4500,0.5,Low yeild
TRICH_017,29.461,4.344,16.979,68.175,252.397,680.529,4.281,Y,3771.594,1.177,Low yeild
TRICH_018,23.828,4.687,-0.479,68.472,288.061,1208.892,5.414,N,4493.821,1.59,Low yeild
TRICH_019,28.89,4.492,24.093,94.442,234.629,962.087,5.435,N,3530.811,0.14,High Yeild
TRICH_020,28.49,5.847,36.972,110.764,247.352,1648.834,6.109,N,3931.714,6.354,Medium Yeild
TRICH_021,30.389,4.164,41.723,75.376,273.108,1049.606,5.897,Y,3614.776,1.185,Low yeild
TRICH_022,28.885,5.782,15.337,69.296,237.864,704.192,5.201,Y,4849.213,0.424,Medium Yeild
TRICH_023,25.806,4.311,29.883,55.278,235.67,986.105,5.94,N,4163.733,0.619,Low yeild
TRICH_024,24.876,4.509,17.734,83.944,236.632,713.985,4.738,Y,3464.042,5.084,Medium yeild
TRICH_025,30.251,6.301,27.951,115.148,238.859,1258.561,5.427,N,4408.147,3.088,Medium Yeild
TRICH_026,27.712,5.236,23.808,46.46,243.979,316.267,6.791,Y,4150.183,-1.359,Low yeild
TRICH_027,25.473,5.07,30.233,104.253,267.153,1333.983,4.8,Y,3698.258,3.068,Medium Yeild
TRICH_028,25.669,5.644,17.053,94.759,266.402,1258.806,6.957,Y,4266.274,0.72,Low yeild
TRICH_029,23.934,5.054,14.177,91.185,297.328,562.546,6.43,N,4108.969,4.33,Medium yeild
TRICH_030,24.447,5.474,48.16,70.796,245.118,1182.451,4.678,Y,4430.307,3.852,Low yeild
TRICH_031,24.069,4.306,56.154,72.767,266.675,301.667,6.263,Y,4719.525,-1.963,Medium Yeild
TRICH_032,27.615,4.312,35.419,100.189,282.548,1810.742,5.219,N,3345.075,2.678,Low yeild
TRICH_033,26.47,5.78,-16.697,75.158,257.454,1597.674,5.65,Y,3987.522,4.173,Low yeild
TRICH_034,25.721,5.218,-2.713,54.968,214.637,1330.546,6.41,Y,3313.822,4.203,Low yeild
TRICH_035,29.476,6.185,23.065,114.195,266.278,248.415,6.276,Y,3815.778,6.498,Low yeild
TRICH_036,24.289,5.392,43.832,88.522,262.573,134.586,5.641,N,4331.599,2.378,Medium Yeild
TRICH_037,26.037,4.504,21.473,116.691,230.146,1236.127,7.014,Y,4041.061,5.859,Medium Yeild
TRICH_038,25.617,5.289,56.668,81.736,256.109,1722.413,5.012,N,3502.211,3.386,Low yeild
TRICH_039,23.806,4.571,33.372,69.673,281.832,1123.14,6.518,Y,4672.224,4.513,High Yeild
TRICH_040,25.983,5.195,12.482,80.761,207.788,1604.623,6.057,N,4364.696,0.568,Low yeild
TRICH_041,30.365,3.392,62.708,96.756,249.268,1328.887,5.094,N,4165.288,2.901,Medium yeild
TRICH_042,27.985,5.955,33.686,83.123,207.212,960.593,5.809,N,4001.651,1.02,Medium Yeild
TRICH_043,27.21,4.963,42.516,97.395,219.948,1296.056,4.279,N,2549.557,3.388,Medium yeild
TRICH_044,29.544,5.503,18.762,134.107,256.737,1176.001,6.621,N,3869.124,2.455,Low yeild
TRICH_045,28.276,4.707,14.406,97.498,248.051,1062.05,5.792,Y,4305.562,2.339,Low yeild
TRICH_046,30.205,5.387,22.599,92.092,234.299,413.117,4.201,N,4629.684,4.329,Low yeild
TRICH_047,24.448,5.057,48.129,101.907,273.448,1284.54,4.939,Y,4817.777,1.381,Low yeild
TRICH_048,27.527,5.614,34.902,98.384,245.129,1070.126,5.099,Y,4653.028,4.547,Medium Yeild
TRICH_049,30.586,5.585,26.128,62.089,246.204,939.139,5.896,Y,4533.597,-1.278,Low yeild
TRICH_050,29.961,5.232,19.028,105.703,270.838,-83.518,4.463,N,4187.094,0.757,Low yeild
TRICH_051,28.19,6.227,62.638,133.84,245.178,927.65,4.948,Y,4793.47,2.126,Medium Yeild
TRICH_052,24.085,5.227,12.182,79.301,261.531,1941.235,4.579,Y,4252.746,1.185,Medium Yeild
TRICH_053,30.941,4.733,-16.769,115.161,266.219,1946.227,5.189,Y,3561.344,0.656,Medium Yeild
TRICH_054,25.643,6.907,36.526,99.791,238.902,1493.814,5.98,Y,3025.837,3.465,Medium Yeild
TRICH_055,28.368,4.833,1.836,106.537,252.324,868.313,4.651,Y,4789.23,-2.261,Low yeild
TRICH_056,27.466,5.89,16.45,110.099,264.442,1270.146,6.221,N,3545.476,-1.537,Medium Yeild
TRICH_057,26.091,5.416,-3.797,115.52,257.112,819.26,6.064,Y,4468.906,4.014,Low yeild
TRICH_058,27.604,4.487,41.371,82.06,253.422,913.776,6.398,Y,4369.178,3.419,Medium Yeild
TRICH_059,26.462,4.405,-0.866,89.095,254.29,2112.745,5.374,Y,3974.08,1.617,Medium Yeild
TRICH_060,27.961,4.62,5.686,89.304,262.064,384.618,6.038,N,4057.268,1.665,Medium Yeild
TRICH_061,25.211,5.068,5.464,100.424,234.921,1103.676,5.218,N,4286.634,6.02,Low yeild
TRICH_062,30.57,5.626,54.936,77.782,261.555,1353.806,3.415,N,4546.131,1.857,High Yeild
TRICH_063,28.825,5.429,38.635,86.618,249.533,1937.431,5.267,Y,4961.979,3.181,Medium Yeild
TRICH_064,30.114,4.797,18.627,111.101,306.215,934.311,7.357,N,3848.117,3.684,Low yeild
TRICH_065,26.134,4.315,15.624,108.806,267.722,441.504,5.654,N,3435.913,1.606,Low yeild
TRICH_066,27.179,5.78,44.259,105.132,263.587,64.07,5.082,N,3847.864,1.961,Low yeild
TRICH_067,23.707,6.143,17.998,62.016,237.398,1417.087,5.319,Y,4009.01,1.537,Low yeild
TRICH_068,23.76,4.619,42.346,90.907,215.868,1458.396,5.739,Y,4034.154,-2.415,Medium Yeild
TRICH_069,27.421,5.514,27.268,107.034,234.659,1870.57,7.074,N,3478.959,-0.761,Medium Yeild
TRICH_070,23.93,3.914,13.757,79.077,241.847,1119.772,5.078,N,3641.734,1.058,High Yeild
TRICH_071,27.044,5.071,-22.774,120.027,249.438,391.715,4.807,Y,3289.959,2.778,Medium Yeild
TRICH_072,27.101,3.682,17.854,122.885,217.439,-280.221,5.014,N,4324.115,3.191,Medium Yeild
TRICH_073,28.608,4.859,-2.105,79.655,229.555,1525.353,5.584,N,4498.487,5.229,High Yeild
TRICH_074,31.8,5.922,46.934,65.453,255.164,752.802,6.393,N,3974.654,2.419,Low yeild
TRICH_075,27.558,4.361,21.089,79.267,265.39,1212.503,7.468,Y,3492.845,2.089,Low yeild
TRICH_076,24.865,6.309,21.817,65.214,243.517,919.188,5.015,N,4591.181,3.998,Medium Yeild
TRICH_077,30.3,5.472,21.7,92.228,272.906,406.204,5.357,Y,4339.77,3.09,Low yeild
TRICH_078,27.32,5.404,62.3,88.943,207.401,1738.846,5.08,Y,3744.898,3.867,Medium Yeild
TRICH_079,27.331,5.362,20.779,125.665,265.321,1173.337,5.406,N,3651.857,-2.627,Low yeild
TRICH_080,32.38,3.726,-1.571,82.251,230.138,726.59,5.804,N,4386.953,4.95,Low yeild
TRICH_081,31.479,4.218,39.476,101.355,249.197,1228.959,6.342,Y,4370.701,2.496,Medium yeild
TRICH_082,27.494,4.829,-7.408,87.526,235.921,1483.565,5.425,Y,4341.728,4.269,Low yeild
TRICH_083,26.534,4.942,6.492,93.875,252.354,1611.339,3.894,Y,5380.008,2.871,High Yeild
TRICH_084,23.281,5.339,16.827,105.837,282.624,2006.215,4.645,Y,4110.17,5.09,Medium Yeild
TRICH_085,24.972,5.147,-9.188,127.795,202.87,995.777,5.598,N,3455.445,2.374,Medium Yeild
TRICH_086,27.066,4.348,20.313,94.303,283.741,1351.192,5.208,Y,4183.892,-0.433,Low yeild
TRICH_087,31.961,4.364,21.403,113.078,223.632,1756.337,4.668,N,3802.365,4.319,Medium Yeild
TRICH_088,29.678,4.431,32.702,68.327,282.617,702.178,5.452,N,4783.35,3.082,Medium Yeild
TRICH_089,25.624,6.959,44.032,92.583,295.913,1383.933,4.188,Y,3882.371,1.721,Medium Yeild
TRICH_090,24.547,5.306,16.384,79.156,271.608,546.432,4.759,N,4621.123,2.781,Low yeild
TRICH_091,27.653,5.407,2.938,73.61,219.083,1223.134,5.654,N,5089.603,-0.987,Low yeild
TRICH_092,24.486,4.496,32.982,73.254,233.323,1246.88,4.867,N,4256.959,2.189,Medium yeild
TRICH_093,26.484,5.314,15.502,117.965,261.881,1349.7,6.457,Y,3960.533,-0.577,Low yeild
TRICH_094,25.248,4.33,30.68,82.777,264.349,1982.773,4.408,N,4729.691,5.92,Low yeild
TRICH_095,28.871,5.405,-3.422,66.076,228.859,1639.126,4.527,N,4672.684,4.127,Medium Yeild
TRICH_096,30.78,4.454,-1.701,109.272,219.314,465.398,5.629,N,3799.997,1.191,Low yeild
TRICH_097,26.628,4.77,24.931,86.626,249.375,713.809,5.513,N,3336.621,6.131,Medium Yeild
TRICH_098,25.507,5.52,9.309,70.888,275.936,528.436,6.043,Y,4574.347,2.774,Medium Yeild
TRICH_099,27.05,5.441,-18.169,90.07,229.068,1519.673,5.428,N,4073.91,5.42,Low yeild
TRICH_100,30.411,5.592,7.022,60.825,271.007,1204.821,6.389,N,4273.38,5.188,Low yeild
TRICH_101,28.283,4.534,19.193,104.81,257.087,1871.812,5.994,Y,4722.162,-0.916,Low yeild
TRICH_102,26.205,4.367,11.057,70.636,247.594,606.81,7.554,N,4680.649,1.91,High Yeild
TRICH_103,29.188,4.536,17.726,47.142,215.992,1323.868,5.069,N,4427.201,6.182,Low yeild
TRICH_104,27.321,5.869,36.885,83.494,253.816,1760.392,4.15,N,3886.195,2.815,Medium Yeild
TRICH_105,27.268,4.691,-5.009,107.91,223.161,257.223,4.008,N,4760.883,-0.021,Medium Yeild
TRICH_106,30.343,3.973,5.281,96.879,297.347,1764.692,5.009,Y,2690.256,-3.299,Low yeild
TRICH_107,25.361,5.571,15.967,103.266,208.659,621.433,6.159,N,4813.171,3.438,Low yeild
TRICH_108,30.011,4.734,44.039,79.785,234.56,1155.15,5.147,N,4209.739,2.238,High Yeild
TRICH_109,28.614,4.932,-19.172,74.616,218.101,1638.238,5.8,N,3789.694,-0.086,Medium Yeild
TRICH_110,28.223,4.054,27.906,87.85,283.172,1557.25,6.563,Y,5018.185,2.596,Low yeild
TRICH_111,30.752,4.573,39.517,123.261,270.904,938.257,5.286,N,3632.699,2.66,High Yeild
TRICH_112,28.119,3.958,46.51,108.028,254.405,1203.823,6.482,N,4293.337,4.189,Low yeild
TRICH_113,25.765,6.438,18.205,107.449,258.753,811.167,5.001,Y,4358.173,1.869,Medium Yeild
TRICH_114,27.537,5.686,27.144,83.655,213.742,1150.097,5.955,Y,3764.537,0.11,Low yeild
TRICH_115,25.151,3.81,24.895,65.406,243.017,1212.964,6.963,N,4143.01,0.691,Low yeild
TRICH_116,25.802,6.073,24.775,114.429,217.927,493.743,6.132,N,4584.11,3.411,Medium Yeild
TRICH_117,30.006,5.25,28.995,86.433,246.274,1420.919,5.607,Y,4089.657,2.855,Medium Yeild
TRICH_118,25.032,5.242,49.265,105.853,238.012,1080.457,4.87,N,4010.865,1.426,Medium Yeild
TRICH_119,26.757,4.825,16.007,90.913,213.48,1106.256,6.076,N,4742.703,6.765,High Yeild
TRICH_120,29.744,4.204,-26.036,124.845,214.636,1418.777,7.011,Y,3806.647,4.787,Low yeild
TRICH_121,25.454,6.548,51.247,69.56,244.649,1056.069,6.49,N,3816.393,-0.871,Low yeild
TRICH_122,31.633,4.556,15.558,125.17,253.741,1206.276,6.73,Y,4679.694,3.482,Low yeild
TRICH_123,27.783,5.292,30.793,93.099,217.238,730.825,4.532,N,4720.323,0.831,Low yeild
TRICH_124,29.389,4.82,38.278,123.514,261.057,1584.855,5.675,N,4721.984,7.118,Medium Yeild
TRICH_125,26.574,5.946,32.543,120.93,237.737,452.293,5.355,N,4540.658,2.266,High Yeild
TRICH_126,30.119,5.37,-0.332,83.656,280.223,1410.862,4.55,N,4001.892,-0.92,High Yeild
TRICH_127,28.367,4.487,23.147,122.647,264.077,261.122,6.582,Y,3942.941,2.213,Medium Yeild
TRICH_128,26.4,5.9,45.052,86.438,228.728,459.41,5.152,Y,3688.358,3.518,Medium Yeild
TRICH_129,25.343,5.447,17.045,79.151,270.209,1176.548,5.009,N,3412.81,0.887,Low yeild
TRICH_130,30.899,5.412,40.325,97.188,269.258,1099.975,5.709,Y,4087.003,2.108,Medium Yeild
TRICH_131,31.04,5.473,9.479,55.621,233.011,1319.554,5.918,N,4235.392,2.331,Medium yeild
TRICH_132,29.182,5.771,-2.727,73.248,259.996,912.161,5.224,Y,4008.655,-2.397,High Yeild
TRICH_133,27.383,5.351,2.197,88.083,242.047,1379.329,5.33,N,3579.866,2.47,High Yeild
TRICH_134,26.998,3.525,-31.92,81.463,275.988,751.51,5.417,N,4913.519,3.97,Medium Yeild
TRICH_135,27.076,5.381,29.408,152.774,238.614,568.571,5.802,N,3463.965,-0.847,Low yeild
TRICH_136,28.267,5.129,33.239,67.285,230.344,982.766,7.111,N,4455.819,3.155,Medium Yeild
TRICH_137,29.045,4.595,35.804,55.324,222.076,1159.936,5.746,Y,3694.358,2.997,Medium Yeild
TRICH_138,25.134,4.9,9.348,117.485,267.703,1332.153,6.246,N,4059.903,1.469,Medium Yeild
TRICH_139,23.887,5.585,24.229,93.906,239.009,1455.399,4.297,Y,3915.83,2.815,Low yeild
TRICH_140,28.51,4.42,33.233,87.373,217.452,510.568,6.123,Y,3620.526,4.533,Medium Yeild
TRICH_141,25.134,3.78,24.783,96.615,280.877,297.199,6.565,Y,4212.095,1.346,High Yeild
TRICH_142,25.208,5.074,-3.406,90.759,270.377,1295.68,5.027,N,4188.866,5.244,Low yeild
TRICH_143,27.619,5.333,23.072,103.123,229.429,196.095,5.289,N,4400.365,-0.324,High Yeild
TRICH_144,26.78,5.938,3.082,91.661,272.724,1138.712,6.372,N,3863.661,3.991,Medium yeild
TRICH_145,28.581,4.583,25.725,84.536,233.513,1357.846,6.953,N,5040.094,2.348,Low yeild
TRICH_146,26.686,5.482,30.432,81.034,247.768,2097.448,4.858,N,4150.581,5.048,Medium Yeild
TRICH_147,29.87,3.813,19.636,92.169,278.367,1250.935,5.095,Y,4142.754,3.288,Low yeild
TRICH_148,27.282,4.146,27.735,84.914,256.304,626.288,5.384,Y,3800.972,0.527,Low yeild
TRICH_149,26.831,5.037,32.452,65.731,255.968,1072.162,5.674,N,4614.75,2.866,High Yeild
TRICH_150,30.623,4.76,10.753,90.28,261.451,1179.573,6.479,N,4136.734,3.332,Low yeild
TRICH_151,27.973,4.843,36.956,92.902,235.186,1441.219,5.567,Y,3979.466,-0.007,Low yeild
TRICH_152,28.591,5.402,-14.379,88.984,243.656,670.06,5.374,N,4074.855,3.626,Medium Yeild
TRICH_153,29.569,3.83,60.434,99.833,270.886,1456.253,5.959,N,4300.01,2.305,Low yeild
TRICH_154,32.502,5.332,10.099,97.345,246.846,2078.38,6.445,Y,3595.015,0.404,Medium Yeild
TRICH_155,30.244,4.951,39.57,108.594,253.032,1063.795,5.017,Y,3609.947,2.858,Low yeild
TRICH_156,25.285,6.419,61.183,112.54,262.361,811.904,5.341,N,3824.533,4.6,Medium Yeild
TRICH_157,30.058,5.292,27.644,102.082,243.537,861.31,5.033,N,3787.62,1.462,Medium Yeild
TRICH_158,30.488,5.078,-6.251,95.965,242.081,783.955,4.861,Y,4793.921,-0.018,Medium yeild
TRICH_159,25.766,4.777,31.376,66.58,251.3,1857.918,6.136,Y,4005.94,2.482,Medium Yeild
TRICH_160,27.684,6.043,47.061,63.694,177.718,1019.658,4.83,N,4435.105,0.419,Low yeild
TRICH_161,28.638,4.938,23.61,92.316,268.028,2065.401,6.498,N,4845.525,0.6,Low yeild
TRICH_162,25.335,4.747,20.917,108.872,274.781,645.127,5.801,Y,4248.401,-0.968,High Yeild
TRICH_163,28.081,5.7,-22.199,118.746,225.74,609.213,5.617,N,3412.796,1.388,Low yeild
TRICH_164,28.47,5.444,11.095,68.946,248.457,324.71,5.563,N,4465.062,4.033,Medium Yeild
TRICH_165,24.583,4.461,23.212,115.872,264.175,1611.666,4.882,Y,4365.081,1.352,Low yeild
TRICH_166,28.65,5.076,11.499,100.623,267.157,1685.495,6.204,Y,4376.495,2.952,Low yeild
TRICH_167,23.729,4.613,-11.963,68.87,251.619,1299.475,6.133,Y,3975.076,3.059,Medium Yeild
TRICH_168,23.999,3.789,-13.958,60.323,295.397,1709.998,5.037,N,4362.881,0.014,Medium yeild
TRICH_169,31.21,5.135,-12.442,67.307,195.49,1421.835,4.112,N,3679.127,0.518,Low yeild
TRICH_170,25.365,5.366,27.702,105.168,271.59,950.986,6.113,N,4121.43,4.088,Low yeild
TRICH_171,28.178,6.126,47.312,65.68,240.384,1149.05,4.012,Y,3795.212,3.908,Medium Yeild
TRICH_172,23.763,5.272,1.109,92.607,244.403,1484.985,5.581,N,4543.949,3.6,Medium yeild
TRICH_173,26.396,5.422,21.93,57.462,266.024,1415.592,6.372,N,4051.748,1.396,Medium Yeild
TRICH_174,28.658,4.058,17.748,104.139,253.62,772.75,5.357,N,4424.431,2.029,Medium Yeild
TRICH_175,27.287,4.124,13.141,88.661,252.207,1637.533,4.456,N,4318.478,6.254,Low yeild
TRICH_176,24.777,5.146,29.903,69.893,265.789,-17.448,6.849,N,3130.56,1.237,High Yeild
TRICH_177,27.114,4.324,13.668,74.121,280.231,1200.415,4.709,N,4136.107,3.109,Low yeild
TRICH_178,24.993,6.34,39.711,91.321,216.839,2206.007,4.654,N,4660.057,0.587,Low yeild
TRICH_179,27.411,4.766,15.044,67.926,231.353,1696.003,6.008,N,4833.163,1.097,Low yeild
TRICH_180,26.762,4.47,14.236,81.973,236.99,438.979,6.801,N,3564.708,1.713,High Yeild
TRICH_181,26.807,5.525,26.477,106.987,290.359,1992.913,5.152,N,4220.357,6.99,Low yeild
TRICH_182,27.467,4.502,34.516,84.826,226.588,1119.268,5.249,N,4706.623,-1.833,Medium yeild
TRICH_183,24.931,5.985,52.968,60.536,254.379,2069.591,5.942,N,3436.147,0.456,Medium Yeild
TRICH_184,28.032,4.553,37.561,104.969,268.887,725.303,4.935,N,3702.15,3.694,Low yeild
TRICH_185,25.215,5.461,33.203,86.823,274.733,882.35,7.356,Y,4162.25,2.652,Low yeild
TRICH_186,26.928,4.924,20.579,128.496,231.192,347.879,5.479,N,3343.522,5.617,Medium Yeild
TRICH_187,27.579,5.614,32.923,83.155,261.242,2036.026,7.761,Y,3687.951,2.948,High Yeild
TRICH_188,23.715,5.746,-6.79,92.579,236.914,3126.96,4.511,N,4786.921,1.23,Medium Yeild
TRICH_189,27.879,5.502,17.982,84.865,253.308,1134.496,5.378,N,2440.089,4.064,Low yeild
TRICH_190,27.092,4.64,21.113,126.837,246.052,744.52,5.477,N,4725.006,3.772,Low yeild
TRICH_191,22.684,3.891,28.752,104.306,261.196,701.502,6.098,Y,3508.225,-0.147,Low yeild
TRICH_192,24.083,4.981,6.728,114.631,251.756,1748.588,3.587,Y,3739.271,5.486,High Yeild
TRICH_193,24.932,4.405,30.906,101.777,256.019,1546.461,5.044,Y,3492.776,-0.63,Medium Yeild
TRICH_194,26.018,6.131,3.728,119.526,244.433,1040.322,4.98,Y,4040.131,3.73,Low yeild
TRICH_195,33.136,4.376,2.015,127.333,245.99,688.401,3.178,Y,4155.982,4.875,Medium Yeild
TRICH_196,25.926,4.131,67.31,115.526,235.536,1165.73,4.577,N,3606.94,3.316,Low yeild
TRICH_197,27.546,4.944,5.561,80.663,261.758,267.667,6.214,N,3912.963,4.114,Medium Yeild
TRICH_198,26.973,6.131,27.639,81.574,222.982,1493.27,4.604,N,3996.825,5.753,High Yeild
TRICH_199,23.712,4.586,16.075,76.244,291.957,748.553,5.017,N,3528.514,0.454,Medium Yeild
TRICH_200,25.296,5.129,31.955,88.782,295.582,297.032,4.989,Y,3750.585,2.674,Medium Yeild
TRICH_201,28.552,4.583,28.672,98.791,280.073,2087.135,6.574,Y,3605.871,0.88,Medium Yeild
TRICH_202,25.869,4.257,34.451,86.084,266.9,499.545,4.705,Y,3954.079,1.732,Medium yeild
TRICH_203,27.914,6.032,18.275,119.739,240.824,2056.505,5.762,N,4042.961,3.705,Medium yeild
TRICH_204,25.095,5.915,-22.68,74.198,249.12,914.424,4.469,N,3584.07,3.588,Medium yeild
TRICH_205,28.318,5.241,20.696,68.374,205.856,517.639,3.845,N,4492.273,2.209,Medium Yeild
TRICH_206,27.953,5.397,38.698,86.731,256.343,1561.085,4.846,Y,3586.448,3.558,Medium yeild
TRICH_207,26.424,5.327,2.579,94.491,238.717,959.374,4.908,N,3412.484,3.894,Medium Yeild
TRICH_208,30.899,6.075,17.855,98.784,242.338,-299.908,5.415,N,3889.978,3.469,Low yeild
TRICH_209,27.82,6.38,44.822,62.502,222.291,-234.761,4.799,N,3503.247,-0.114,High Yeild
TRICH_210,30.101,4.12,15.653,80.138,257.021,1418.552,5.67,Y,4521.769,5.144,Medium Yeild
TRICH_211,28.285,5.199,21.455,83.72,263.333,1440.033,6.429,N,4135.56,3.7,Medium Yeild
TRICH_212,29.894,3.308,52.455,65.195,266.004,580.606,4.8,N,4474.193,-0.797,Medium Yeild
TRICH_213,26.077,6.195,22.151,93.603,251.941,845.652,4.777,Y,4951.445,2.094,Medium Yeild
TRICH_214,27.618,5.183,30.536,104.472,276.162,1097.019,4.852,Y,3472.903,3.701,Medium Yeild
TRICH_215,29.066,3.779,-0.313,115.695,263.634,2026.546,4.173,Y,4166.277,0.232,Low yeild
TRICH_216,27.499,5.475,37.4,115.026,285.057,51.429,6.807,N,4504.41,0.063,Low yeild
TRICH_217,29.685,5.281,20.283,102.688,275.052,1464.702,3.546,Y,4389.072,1.712,High Yeild
TRICH_218,28.932,4.657,22.15,81.289,266.208,1463.045,5.519,N,4115.375,-1.009,Low yeild
TRICH_219,27.434,4.98,-5.334,94.557,272.645,1182.122,5.027,N,3953,5.16,Medium Yeild
TRICH_220,27.045,5.41,24.488,72.76,218.624,1621.218,3.412,Y,4588.056,1.627,High Yeild
TRICH_221,29.351,4.499,-5.731,90.001,271.592,-124.133,4.068,N,4757.191,-2.996,Medium Yeild
TRICH_222,24.586,5.675,20.73,74.853,252.669,2013.702,7.427,Y,5747.581,2.471,Low yeild
TRICH_223,29.186,4.497,23.971,79.565,244.533,1320.42,6.512,Y,4040.78,4.69,Medium Yeild
TRICH_224,25.937,4.323,0.994,101.733,173.326,495.682,6.582,N,3917.412,1.971,Medium Yeild
TRICH_225,27.667,5.857,57.94,103.917,254.834,1542.017,5.394,Y,3737.337,5.33,Medium Yeild
TRICH_226,21.612,5.172,-0.161,87.355,257.13,274.451,5.198,N,4508.44,-1.166,High Yeild
TRICH_227,30.95,5.801,-9.253,105.66,250.387,931.071,6.141,Y,4175.567,5.121,Low yeild
TRICH_228,27.18,5.15,32.872,92.652,275.686,200.462,5.156,N,4230.811,0.489,High Yeild
TRICH_229,25.79,5.577,26.231,64.121,264.679,289.941,5.44,Y,4404.929,2.271,Low yeild
TRICH_230,28.317,5.501,29.541,104.442,248.175,1913.755,5.877,N,4557.435,4.534,Low yeild
TRICH_231,28.35,4.146,43.283,117.296,226.704,699.759,4.807,Y,4019.569,2.33,High Yeild
TRICH_232,27.841,4.577,21.862,92.39,272.443,1094.733,6.014,Y,4879.369,1.017,Low yeild
TRICH_233,27.919,4.282,4.514,83.836,239.769,1839.459,4.497,N,4447.604,2.462,Medium Yeild
TRICH_234,30.888,6.118,38.6,102.151,235.181,453.609,6.422,N,3563.713,4.534,Low yeild
TRICH_235,27.336,6.105,28.201,106.733,281.582,284.826,6.862,N,3673.27,2.131,Low yeild
TRICH_236,25.243,5.709,30.044,77.844,253.442,1463.443,5.485,N,4116.824,1.652,Medium Yeild
TRICH_237,29.391,5.541,11.488,76.855,284.734,1738.208,8.402,Y,4486.138,-1.839,Medium Yeild
TRICH_238,21.98,4.381,27.442,117.123,235.01,1181.52,6.291,Y,5236.247,4.801,Medium Yeild
TRICH_239,25.591,4.663,8.697,83.976,253.995,1307.445,6.908,N,3566.909,6.524,Medium Yeild
TRICH_240,24.504,4.129,20.003,134.743,270.887,887.113,4.24,N,4483.185,0.36,Low yeild
TRICH_241,27.624,4.335,-16.836,101.565,277.132,2042.293,6.613,N,3511.115,3.633,High Yeild
TRICH_242,26.363,5.593,-6.931,99.276,261.014,2100.897,7.821,N,3927.555,2.174,Medium Yeild
TRICH_243,24.459,5.273,53.093,71.153,260.306,1140.024,5.586,N,2344.445,2.129,Medium Yeild
TRICH_244,29.186,5.793,23.837,126.051,267.422,1960.49,4.702,Y,4762.757,-1.994,Medium Yeild
TRICH_245,26.826,4.666,48.343,67.8,241.552,1092.632,6.366,Y,4046.742,1.708,Low yeild
TRICH_246,31.476,4.631,-3.489,92.451,246.119,978.245,5.088,N,5064.157,2.728,Medium Yeild
TRICH_247,26.601,6.216,17.882,73.94,235.614,1349.292,4.912,N,3678.72,2.967,Medium Yeild
TRICH_248,20.925,6.243,13.736,82.426,248.451,637.725,5.439,Y,3860.027,1.832,Low yeild
TRICH_249,27.673,3.773,22.77,108.905,253.897,745.306,6.567,Y,4098.067,3.038,Medium Yeild
TRICH_250,30.198,4.918,42.309,57.48,288.815,1327.249,4.789,N,3406.817,-1.535,Medium Yeild
TRICH_251,26.829,6.084,18.87,122.943,234.852,1264.398,6.504,Y,4347.709,-3.864,Low yeild
TRICH_252,27.523,6.889,56.06,104.124,245.451,1020.031,6.161,N,4431.741,0.919,Medium Yeild
TRICH_253,25.857,5.852,31.552,67.571,288.664,971.068,6.705,N,3014.136,5.245,Medium Yeild
TRICH_254,29.627,4.976,-0.997,105.499,278.691,1001.928,6.516,Y,4000.27,-0.284,Low yeild
TRICH_255,27.159,4.978,38.475,69.428,234.944,1072.338,6.369,Y,4374.45,0.611,Medium Yeild
TRICH_256,29.536,5.463,63.056,58.106,280.103,1404.884,5.401,Y,4414.005,2.443,Medium Yeild
TRICH_257,30.388,3.758,-10.595,58.06,273.331,526.52,6.989,Y,3895.843,0.62,Low yeild
TRICH_258,24.071,5.579,-9.662,83.301,231.519,1600.881,5.526,N,4317.253,3.027,Low yeild
TRICH_259,23.844,4.442,49.043,64.573,292.08,1238.539,4.684,N,3554.276,3.762,High Yeild
TRICH_260,30.739,5.078,11.954,78.976,231.248,142.662,7.209,Y,5371.26,4.385,Low yeild
TRICH_261,24.1,5.124,20.796,85.926,243.164,1406.96,4.553,Y,3505.364,4.151,Medium Yeild
TRICH_262,28.648,4.312,36.73,49.973,250.679,1499.689,4.966,Y,4080.959,-0.674,High Yeild
TRICH_263,27.952,5.096,29.973,71.247,247.275,1217.642,5.236,Y,4291.03,3.617,Low yeild
TRICH_264,24.848,4.508,-1.773,106.15,268.635,1229.738,6.053,Y,4315.398,1.778,Medium Yeild
TRICH_265,23.388,4.059,-9.211,86.225,249.693,612.631,4.59,N,4127.929,4.445,High Yeild
TRICH_266,25.623,4.83,38.657,94.216,264.018,1248.967,5.857,Y,4643.2,3.281,High Yeild
TRICH_267,25.596,4.996,39.471,78.752,274.583,537.318,5.796,N,3630.612,2.298,Low yeild
TRICH_268,23.609,5.522,-11.354,100.059,244.278,1265.911,7.811,Y,4353.023,4.13,Low yeild
TRICH_269,26.932,3.782,46.555,71.397,232.696,927.426,4.948,N,5103.588,0.493,Medium Yeild
TRICH_270,24.364,5.457,-15.91,75.04,222.58,1042.464,4.703,N,4275.712,1.166,Low yeild
TRICH_271,28.863,5.069,24.13,117.112,283.048,907.307,4.513,N,3533.014,0.604,Low yeild
TRICH_272,23.094,5.418,31.789,74.96,274.961,1038.79,5.132,N,3690.564,4.171,Low yeild
TRICH_273,27.127,3.544,10.09,81.374,241.928,783.369,4.405,N,3983.526,-1.55,Low yeild
TRICH_274,32.671,7.363,28.832,82.93,265.512,1152.353,3.69,N,4006.653,5.421,Medium yeild
TRICH_275,29.225,4.979,72.988,94.396,296.367,1536.542,5.622,N,3365.116,0.562,Low yeild
TRICH_276,23.752,4.98,29.006,53.492,255.536,1082.149,5.079,N,4004.263,2.423,Medium Yeild
TRICH_277,24.561,5.238,12.368,64.987,252.77,1863.442,4.575,N,3338.875,3.309,Medium Yeild
TRICH_278,30.432,3.488,36.39,119.653,264.512,1456.039,5.835,Y,3386.852,5.114,High Yeild
TRICH_279,26.105,4.997,23.389,99.962,260.077,631.644,6.116,N,3469.843,2.289,High Yeild
TRICH_280,25.375,5.619,7.088,34.463,243.466,471.431,4.333,N,3366.178,4.1,Low yeild
TRICH_281,26.487,5.927,31.858,81.304,267.528,1418.663,5.037,N,3842.619,0.819,Low yeild
TRICH_282,24.576,5,-3.888,100.569,256.949,1571.304,7.016,Y,4050.41,-0.334,High Yeild
TRICH_283,29.177,4.335,31.08,86.448,243.95,2488.925,4.934,N,4865.748,0.088,Low yeild
TRICH_284,29.948,4.826,50.36,76.637,261.054,1031.984,3.986,Y,4411.17,3.207,Medium Yeild
TRICH_285,27.447,5.672,-5.63,105.644,253.892,1448.179,5.313,N,4616.606,3.103,Low yeild
TRICH_286,26.635,5.304,44.215,54.857,260.669,1625.146,4.16,N,4542.657,7.221,Medium Yeild
TRICH_287,29.684,5.909,32.387,74.655,250.381,1229.036,3.422,N,4437.639,1.824,Medium yeild
TRICH_288,27.17,4.987,27.166,112.751,245.565,1170.096,7.154,Y,4192.33,5.034,Medium Yeild
TRICH_289,27.146,5.092,16.039,75.31,257.78,1115.982,4.796,Y,4495.568,2.128,Low yeild
TRICH_290,24.551,5.729,7.805,75.342,252.106,767.813,5.364,N,4166.128,-1.552,Low yeild
TRICH_291,29.637,5.926,2.4,76.958,220.527,1421.646,7.586,N,3926.862,2.717,High Yeild
TRICH_292,25.696,4.886,54.084,82.95,265.557,670.466,6.822,Y,3822.649,-2.045,Medium Yeild
TRICH_293,28.871,5.655,46.101,61.456,238.771,740.91,5.957,Y,3886.665,3.066,Medium Yeild
TRICH_294,25.357,5.484,35.337,67.087,287.206,1509.068,7.233,Y,4161.648,1.765,Medium Yeild
TRICH_295,28.154,5.42,0.199,101.229,227.927,766.592,5.757,Y,4457.25,3.283,Low yeild
TRICH_296,29.104,3.565,12.77,83.626,273.454,1113.107,4.463,Y,4917.393,1.65,High Yeild
TRICH_297,25.101,3.844,24.349,93.107,244.58,1674.041,5.716,N,4054.498,-0.1,Medium Yeild
TRICH_298,27.273,3.969,16.42,74.258,253.182,920.995,3.819,Y,3941.122,1.558,Medium Yeild
TRICH_299,27.011,4.456,31.44,112.1,263.582,1646.621,5.44,N,4646.546,2.405,Low yeild
TRICH_300,28.573,5.784,4.077,102.507,266.141,1017.355,5.398,Y,4235.236,7.676,Medium yeild
TRICH_301,32.043,5.67,39.161,109.11,276.453,1033.284,7.969,N,4422.589,3.661,Low yeild
TRICH_302,27.109,4.462,27.996,59.522,282.414,1631.055,5.251,Y,4691.866,3.128,High Yeild
TRICH_303,29.025,4.196,1.854,109.435,273.412,1218.43,5.263,N,2949.276,-0.72,Medium Yeild
TRICH_304,24.218,4.844,33.059,73.755,262.971,1359.282,6.299,Y,4227.472,1.904,Low yeild
TRICH_305,27.892,5.533,-6.2,90.605,275.006,704.624,5.741,Y,4017.1,3.752,Medium Yeild
TRICH_306,27.202,4.759,21.265,122.357,306.324,1285.531,6.257,Y,3968.213,2.053,Medium Yeild
TRICH_307,23.852,5.837,21.898,38.107,233.156,1491.394,4.88,Y,3803.552,3.806,Low yeild
TRICH_308,28.577,5.126,-1.754,65.213,254.162,1156.875,5.019,N,4179.306,3.663,Low yeild
TRICH_309,27.208,4.852,7.317,85.012,280.677,907.505,3.925,N,4525.816,0.593,High Yeild
TRICH_310,29.323,5.876,36.499,112.667,266.492,1050.573,5.907,N,4182.198,1.866,Medium Yeild
TRICH_311,27.02,4.548,21.542,69.517,242.733,1147.681,4.761,Y,4287.393,4.55,Medium Yeild
TRICH_312,25.634,4.656,7.274,90.647,232.468,1389.947,5.192,N,4722.482,0.482,Medium Yeild
TRICH_313,27.881,4.169,27.799,60.567,244.321,1375.293,4.423,N,3567.184,-0.521,Low yeild
TRICH_314,29.628,4.711,6.139,102.571,223.963,938.209,5.067,Y,4725.303,2.921,Medium Yeild
TRICH_315,28.66,4.222,-7.769,108.998,237.073,483.016,6.646,N,4364.318,4.036,Medium Yeild
TRICH_316,24.76,5.356,46.475,99.03,265.623,1970.552,4.9,N,3379.707,-0.652,Medium Yeild
TRICH_317,26.778,5.315,26.226,102.567,238.015,668.65,6.29,Y,4165.541,3.991,Medium Yeild
TRICH_318,27.214,4.627,19.705,61.457,272.462,2143.19,5.208,N,3666.372,0.608,Low yeild
TRICH_319,28.038,4.456,19.079,103.131,279.395,1139.917,3.851,N,4279.13,-0.836,Low yeild
TRICH_320,27.222,5.007,45.966,93.18,252.902,495.378,5.141,N,4910.287,-1.114,Medium Yeild
TRICH_321,27.692,6.081,11.303,76.721,238.407,1518.372,4.179,N,3395.632,1.363,Low yeild
TRICH_322,27.76,5.7,15.634,146.212,265.431,1667.387,5.399,Y,3795.793,2.052,High Yeild
TRICH_323,30.69,5.65,32.248,74.974,244.481,1732.281,5.572,N,4725.414,3.131,Medium yeild
TRICH_324,26.698,7.006,33.849,118.904,223.118,1725.696,5.621,Y,4261.088,3.819,Medium Yeild
TRICH_325,30.347,5.309,36.508,92.789,261.987,1315.26,5.754,Y,4099.867,4.676,Medium Yeild
TRICH_326,29.252,4.447,10.905,67.144,244.082,1693.445,6.234,Y,4386.547,4.789,Low yeild
TRICH_327,26.537,4.634,17.667,113.638,262.988,587.628,5.417,Y,3310.417,0.226,High Yeild
TRICH_328,30.519,5.045,1.661,92.082,256.307,783.735,6.65,Y,3630.541,1.265,High Yeild
TRICH_329,28.323,5.23,59.586,102.073,281.894,127.383,5.257,N,3621.323,2.104,Low yeild
TRICH_330,22.921,4.723,7.301,103.272,237.014,1062.71,6.237,N,3971.553,-0.607,Low yeild
TRICH_331,25.611,5.472,20.903,85.137,232.676,1017.931,5.049,Y,4361.783,3.394,Medium Yeild
TRICH_332,31.75,4.716,58.052,79.237,291.328,858.689,8.161,Y,3725.83,9.076,High Yeild
TRICH_333,23.347,5.211,15.399,56.419,287.571,1398.45,6.164,N,3758.435,2.871,Medium yeild
TRICH_334,28.972,5.204,-11.975,87.704,238.504,2349.38,4.734,N,4922.245,4.172,Low yeild
TRICH_335,29.447,4.033,42.84,90.36,276.624,1031.758,3.05,Y,4027.531,4.774,Medium Yeild
TRICH_336,30.097,4.936,30.696,100.867,303.06,1398.51,5.774,Y,4152.828,2.964,Low yeild
TRICH_337,30.49,5.532,21.918,122.423,239.892,258.929,5.451,N,3686.647,1.777,Low yeild
TRICH_338,32.314,3.695,34.168,79.054,270.417,788.8,6.155,Y,3613.846,2.088,Low yeild
TRICH_339,32.688,4.026,26.356,81.384,238.838,1214.652,5.084,N,3735.558,5.984,Low yeild
TRICH_340,25.865,6.513,7.876,92.028,289.487,503.528,5.073,N,4312.432,-0.656,Medium yeild
TRICH_341,28.581,5.643,23.151,122.336,289.348,547.891,4.423,Y,4401.268,0.675,Low yeild
TRICH_342,27.369,6.012,29.218,92.56,224.662,483.053,5.776,Y,3810.316,6.054,High Yeild
TRICH_343,29.688,4.732,22.072,83.175,215.752,504.242,4.357,N,3588.899,1.909,High Yeild
TRICH_344,26.381,3.865,-3.924,95.683,249.901,1613.991,4.903,N,3713.58,1.769,Medium Yeild
TRICH_345,26.036,4.896,26.319,79.639,291.019,1432.172,6.121,Y,4073.744,1.234,High Yeild
TRICH_346,25.769,5.61,-0.311,89.774,253.66,491.821,3.851,Y,3680.34,2.459,Low yeild
TRICH_347,25.195,4.043,12.321,72.713,307.34,-363.219,4.463,Y,3832.954,4.222,Low yeild
TRICH_348,26.625,4.471,50.945,68.292,296.257,1623.118,4.353,N,4630.465,2.655,High Yeild
TRICH_349,29.254,5.234,27.832,107.458,259.844,1309.842,6.399,Y,3755.994,3.458,Low yeild
TRICH_350,31.795,5.183,44.158,48.609,273.564,1258.971,5.604,Y,4022.322,2.983,High Yeild
TRICH_351,28.5,5.248,-13.127,124.195,213.654,1411.14,5.992,N,4117.888,0.332,Medium Yeild
TRICH_352,31.609,4.457,72.502,54.412,226.919,1750.316,4.931,N,3583.974,2.471,Low yeild
TRICH_353,27.606,5.119,42.418,101.899,216.739,593.497,6.169,Y,3139.946,2.169,Medium Yeild
TRICH_354,27.069,4.836,40.082,72.115,224.226,1365.357,5.446,N,4277.833,8.056,Low yeild
TRICH_355,25.853,5.662,31.746,95.883,261.906,1144.249,4.998,Y,3016.34,4.508,Low yeild
TRICH_356,28.974,5.549,46.885,95.588,231.994,526.96,7.024,N,4691.123,6.38,Low yeild
TRICH_357,26.129,4.599,0.638,69.474,240.267,1328.845,5.213,Y,3769.177,2.912,Low yeild
TRICH_358,29.088,6.499,46.56,74.395,244.256,1924.919,5.309,N,3051.434,-2.241,Medium Yeild
TRICH_359,25.09,5.801,42.12,62.693,260.479,616.001,5.863,N,4623.955,0.364,Medium Yeild
TRICH_360,29.133,3.988,59.755,96.795,285.131,1528.617,6.539,N,3668.788,-1.941,Low yeild
TRICH_361,30.542,5.163,11.144,101.076,248.753,1566.525,3.788,Y,4780.276,3.582,Medium Yeild
TRICH_362,31.584,6.205,35.636,84.175,272.55,1738.635,6.832,N,3502.442,2.024,Low yeild
TRICH_363,24.124,3.436,46.991,76.644,275.333,760.379,6.874,Y,3889.766,2.626,Medium Yeild
TRICH_364,24.251,5.166,13.565,93.885,260.215,1847.366,4.934,N,3737.759,-2.505,Low yeild
TRICH_365,25.151,4.497,35.213,97.502,258.816,1945.348,5.697,Y,3965.276,2.777,Low yeild
TRICH_366,28.107,5.829,19.163,92.394,225.201,2113.964,5.524,Y,4990.048,0.414,Medium Yeild
TRICH_367,25.421,4.898,14.261,95.952,285.13,1075.505,6.256,Y,4155.785,-0.861,Low yeild
TRICH_368,24.814,4.895,4.132,91.187,269.502,217.132,4.058,Y,4280.377,1.801,Medium Yeild
TRICH_369,29.513,4.629,-3.187,123.411,273.562,1409.499,6.323,N,3313.281,5.964,Low yeild
TRICH_370,28.789,5.085,35.122,99.479,240.625,1021.635,6.548,N,4356.512,2.688,High Yeild
TRICH_371,23.689,5.872,-4.066,87.787,273.01,1547.417,5.226,N,3748.176,-0.233,High Yeild
TRICH_372,26.697,4.656,14.139,73.387,247.195,924.409,6.288,N,2582.029,0.4,High Yeild
TRICH_373,28.258,4.41,-15.415,109.403,270.226,1796.841,3.786,Y,3578.768,1.427,Low yeild
TRICH_374,24.67,4.96,11.255,115.499,219.13,1577.122,6.715,N,4359.969,-0.519,Medium Yeild
TRICH_375,26.417,5.29,-9.943,87.938,259.555,1696.867,4.529,N,4138.376,-0.855,High Yeild
TRICH_376,30.706,5.024,31.061,133.742,234.107,1494.183,4.983,N,3158.329,1.426,High Yeild
TRICH_377,26.221,5.478,-0.789,88.681,261.098,719.371,5.562,Y,4798.92,4.971,Low yeild
TRICH_378,27.494,4.619,11.608,62.37,248.632,1995.236,5.999,Y,3703.831,1.64,Low yeild
TRICH_379,26.943,4.509,47.685,71.755,246.751,1192.688,6.605,Y,4339.108,3.258,High Yeild
TRICH_380,29.343,4.99,30.527,83.221,281.913,402.116,7.366,Y,3303.211,0.732,Medium Yeild
TRICH_381,25.205,5.829,15.041,105.431,260.969,502.931,4.528,N,4609.826,2.718,High Yeild
TRICH_382,25.133,5.187,23.241,159.697,273.945,561.71,4.856,Y,4983.569,3.586,Medium Yeild
TRICH_383,30.158,5.627,22.138,101.477,251.913,567.826,6.458,Y,3768.879,-0.551,Medium Yeild
TRICH_384,26.771,5.23,-11.322,139.437,248.415,2049.38,4.773,N,3792.583,0.363,Low yeild
TRICH_385,25.85,5.167,10.866,99.07,237.185,1030.261,7.071,Y,3983.008,3.463,Medium Yeild
TRICH_386,29.352,6.14,34.084,102.704,283.165,1388.796,6.24,Y,4172.609,0.762,Low yeild
TRICH_387,28.999,5.519,-11.527,64.411,279.922,670.777,5.439,N,4429.928,-0.216,Medium Yeild
TRICH_388,26.201,5.237,37.414,137.34,253.485,1140.85,4.906,Y,3942.789,7.085,Medium Yeild
TRICH_389,30.143,4.61,24.781,62.892,263.861,1597.192,4.668,Y,4313.192,0.425,High Yeild
TRICH_390,26.991,4.761,41.183,81.749,266.155,1007.954,4.916,Y,4079.874,8.334,Low yeild
TRICH_391,29.943,4.656,43.306,153.445,267.176,991.071,6.156,Y,4285.231,1.711,Low yeild
TRICH_392,26.082,5.416,4.163,86.484,245.407,545.956,4.474,Y,4313.382,5.207,Low yeild
TRICH_393,28.885,5.172,24.533,110.358,296.913,1411.024,5.285,Y,4413.712,6.679,Medium Yeild
TRICH_394,22.881,3.713,33.867,98.872,235.638,1017.754,6.162,N,3151.95,2.038,Medium Yeild
TRICH_395,28.703,3.792,54.489,86.041,237.136,1840.956,5.03,Y,4030.691,3.118,Medium Yeild
TRICH_396,27.086,5.955,35.996,130.829,204.944,2003.683,4.845,N,4364.926,2.416,Medium Yeild
TRICH_397,28.574,4.478,-4.773,114.21,243.379,2196.13,4.373,Y,3491.182,1.785,Low yeild
TRICH_398,25.083,4.64,32.793,109.943,276.221,847.651,6.304,N,4515.35,3.58,Low yeild
TRICH_399,24.322,4.712,-3.017,111.489,252.316,857.001,4.726,N,3560.241,4.157,Low yeild
TRICH_400,25.799,4.763,36.946,102.357,252.841,1330.534,7.464,Y,4015.698,2.02,Low yeild
TRICH_401,25.393,5.019,61.809,104.14,214.317,759.051,4.484,Y,3368.352,2.468,High Yeild
TRICH_402,23.343,5.476,10.497,74.504,251.689,927.54,6.188,Y,4503.73,4.37,Low yeild
TRICH_403,29.585,5.611,11.846,124.902,247.933,1424.529,6.002,N,5133.974,-0.569,High Yeild
TRICH_404,23.323,5.346,6.697,123.579,223.095,1115.757,4.799,N,4303.995,2.812,Low yeild
TRICH_405,29.393,5.527,25.77,101.969,215.836,1071.254,4.559,Y,3074.964,0.508,Low yeild
TRICH_406,28.688,4.865,-13.964,61.628,248.114,993.75,4.984,N,3418.479,1.913,Low yeild
TRICH_407,25.58,4.495,9.064,78.8,228.721,703.258,6.071,N,4373.332,6.304,Low yeild
TRICH_408,26.631,5.49,14.943,114.6,292.849,1381.833,7.11,N,3954.45,-1.266,Low yeild
TRICH_409,25.563,6.377,69.89,92.729,254.864,860.324,5.32,N,4358.09,-2.121,Low yeild
TRICH_410,29.093,5.95,32.35,103.558,225.592,123.381,5.309,N,4486.542,2.146,Medium Yeild
TRICH_411,26.748,5.29,-37.291,63.973,245.488,1237.095,5.514,N,5215.552,-0.145,Medium yeild
TRICH_412,24.617,4.642,35.139,130.186,256.456,1679.525,6.978,N,3486.738,1.747,Low yeild
TRICH_413,28.275,5.127,7.189,131.22,259.779,6.197,4.198,Y,3889.454,1.652,Medium Yeild
TRICH_414,31.161,5.928,18.795,67.041,304.401,891.855,5.822,N,4356.247,0.571,Medium Yeild
TRICH_415,28.57,5.103,43.433,99.737,282.539,706,6.449,N,3114.045,3.051,Medium Yeild
TRICH_416,26.009,5.188,30.147,76.241,284.315,201.327,4.338,N,4227.425,-0.731,High Yeild
TRICH_417,30.777,4.607,27.642,120.2,268.882,1469.979,3.743,N,5101.342,-0.951,Medium Yeild
TRICH_418,23.39,4.78,14.967,86.105,251.877,372.335,6.64,N,4025.203,2.298,High Yeild
TRICH_419,25.09,4.164,55.398,122.545,251.775,493.435,7.772,N,4836.175,1.102,Low yeild
TRICH_420,28.915,5.785,19.404,78.57,266.315,-116.268,7.127,N,4719.178,5.418,Medium Yeild
TRICH_421,25.36,5.194,11.207,124.474,251.266,1372.477,5.416,N,3981.263,4.067,Medium Yeild
TRICH_422,26.745,4.227,25.366,101.286,261.873,688.673,5.93,Y,3934.891,1.656,Low yeild
TRICH_423,26.653,3.924,22.754,97.223,241.325,1225.547,4.971,N,3462.867,4.138,High Yeild
TRICH_424,28.702,4.338,-14.738,82.992,217.489,204.024,5.054,N,4932.359,2.086,Medium Yeild
TRICH_425,27.98,5.116,11.697,104.45,242.093,586.25,5.66,N,3120.659,2.209,Low yeild
TRICH_426,24.11,4.881,59.016,91.215,270.31,808.452,5.683,N,3468.04,4.646,Low yeild
TRICH_427,31.323,4.988,19.191,84.108,201.862,1872.049,6.653,N,4361.144,4.385,High Yeild
TRICH_428,29.275,5.296,2.556,80.943,240.971,1109.46,7.802,N,4057.081,3.402,Low yeild
TRICH_429,28.994,5.204,11.598,52.735,247.16,1900.013,5.089,N,4060.468,5.98,Medium Yeild
TRICH_430,29.188,5.572,-10.368,76.138,235.924,866.603,5.311,N,3439.224,4.669,Medium Yeild
TRICH_431,29.704,4.599,11.451,83.686,233.873,1674.148,5.964,N,4302.879,2.432,Low yeild
TRICH_432,27.887,3.914,22.395,85.427,226.53,2034.208,7.302,Y,4213.814,3.13,Low yeild
TRICH_433,25.419,4.324,55.248,98.186,287.32,1236.963,6.02,Y,4715.313,-3.601,Medium Yeild
TRICH_434,31.434,5.735,18.699,107.075,261.12,984.91,5.869,N,3834.705,2.7,Low yeild
TRICH_435,29.508,5.41,33.864,94.651,272.001,1482.303,4.289,Y,4401.637,-0.015,High Yeild
TRICH_436,25.024,4.752,39.843,78.811,207.489,914.326,6.011,N,4593.183,1.107,Medium Yeild
TRICH_437,25.482,4.843,12.998,82.376,209.285,601.275,4.722,N,3120.966,-0.861,High Yeild
TRICH_438,31.256,4.636,26.078,57.451,268.364,2122.509,6.542,N,4779.566,7.757,Medium yeild
TRICH_439,26.769,4.536,53.298,83.308,261.172,1450.703,5.526,Y,3426.514,3.259,Medium Yeild
TRICH_440,25.991,5.425,7.322,92.549,246.907,1407.074,5.524,Y,4254.462,3.059,Medium Yeild
TRICH_441,25.656,4.189,34.327,114.677,240.029,861.813,6.21,N,3534.146,0.316,Low yeild
TRICH_442,24.952,4.879,31.597,82.041,243.461,1176.421,6.082,Y,4335.331,4.517,Medium Yeild
TRICH_443,30.104,3.47,-5.994,87.522,252.033,1127.854,4.799,Y,4258.253,2.947,Medium Yeild
TRICH_444,27.212,4.7,-34.964,122.046,241.876,1399.298,4.517,N,2734.973,-0.34,Medium Yeild
TRICH_445,29.951,4.615,43.449,115.946,283.055,1056.788,5.885,Y,3786.159,3.787,Low yeild
TRICH_446,28.088,5.282,78.403,69.661,256.279,817.854,5.078,Y,5461.094,0.142,Medium yeild
TRICH_447,26.733,5.706,31.77,95.427,254.913,1090.127,4.786,N,4334.875,2.158,Medium Yeild
TRICH_448,27.79,5.492,3.922,117.431,269.095,1139.248,5.581,Y,4793.039,1.527,High Yeild
TRICH_449,26.895,4.933,2.067,112.401,235.226,1239.513,5.069,N,4627.412,5.369,Low yeild
TRICH_450,30.589,5.475,4.551,67.469,251.896,1450.318,3.938,Y,4884.584,0.691,Low yeild
TRICH_451,27.335,5.754,8.292,125.615,266.201,1176.883,5.962,N,4262.831,-1.516,Low yeild
TRICH_452,24.349,4.075,20.596,77.894,228.08,862.964,4.884,Y,3958.137,2.462,High Yeild
TRICH_453,29.791,6.642,33.081,89.807,233.152,1646.357,5.959,Y,4464.517,4.773,Medium Yeild
TRICH_454,28.098,4.98,76.984,73.551,225.036,1495.246,4.258,Y,4146.059,-0.686,Medium Yeild
TRICH_455,24.865,4.598,0.998,82.633,235.649,1175.074,5.257,Y,4271.394,3.601,Low yeild
TRICH_456,25.929,5.158,50.33,82.253,226.357,1943.078,7.17,Y,2406.136,2.72,Medium yeild
TRICH_457,26.456,5.909,-11.146,73.706,273.847,1758.34,3.559,N,5067.977,0.917,Medium Yeild
TRICH_458,29.266,5.017,12.634,94.317,233.179,1632.739,4.739,N,3763.575,2.167,Medium Yeild
TRICH_459,27.621,5.49,22.555,84.59,240.208,1304.839,5.847,N,4418.801,1.275,Medium Yeild
TRICH_460,22.544,6.044,30.855,63.937,265.134,1503.898,5.674,N,3868.082,8.278,High Yeild
TRICH_461,31.333,4.726,0.495,38.547,275.214,715.659,6.08,Y,4072.279,1.279,Medium Yeild
TRICH_462,29.999,6.259,45.817,97.743,223.772,1793.646,6.823,Y,3843.859,5.48,Low yeild
TRICH_463,28.19,5.799,47.988,101.925,273.015,584.271,5.407,N,4293.401,0.552,Low yeild
TRICH_464,29.096,4.526,65.17,81.385,237.472,2045.474,5.838,N,4282.084,1.003,High Yeild
TRICH_465,28.342,6.367,13.158,81.175,201.353,1453.263,7.142,Y,4788.68,-1.043,Low yeild
TRICH_466,26.322,4.2,41.115,88.767,220.981,1736.935,5.974,Y,4171.971,2.745,Low yeild
TRICH_467,25.015,4.805,56.7,83.635,250.875,474.226,6.037,N,3819.57,0.664,Low yeild
TRICH_468,27.449,4.438,19.015,67.032,246.869,187.716,5.62,N,3669.427,1.529,Low yeild
TRICH_469,26.979,5.047,8.249,53.003,222.729,888.4,6.145,Y,4350.181,3.014,Low yeild
TRICH_470,28.888,5.797,29.245,118.358,239.656,1752.143,6.301,Y,4284.094,1.832,High Yeild
TRICH_471,27.345,4.689,-15.855,114.577,273.441,901.364,6.104,N,3904.201,2.807,Low yeild
TRICH_472,27.904,4.583,47.588,120.912,196.372,826.432,5.248,N,5012.431,1.958,Low yeild
TRICH_473,26.956,4.761,21.961,50.928,256.323,589.082,5.156,Y,4734.992,1.941,Medium Yeild
TRICH_474,24.542,3.832,-6.906,118.227,276.51,1196.2,4.676,N,2870.453,3.695,Medium yeild
TRICH_475,28.2,5.287,31.844,62.917,256.768,79.836,4.67,N,4240.998,2.868,Medium Yeild
TRICH_476,30.064,6.401,11.405,92.039,282.29,670.72,5.354,Y,3996.417,3.14,High Yeild
TRICH_477,23.89,4.206,38.222,70.026,251.268,1491.3,5.08,Y,3973.474,2.815,Medium Yeild
TRICH_478,27.705,5.362,8.35,92.286,267.878,981.396,5.562,Y,3021.823,0.565,Low yeild
TRICH_479,24.771,4.679,-15.009,87.664,253.988,1058.417,5.841,Y,4025.342,2.547,Low yeild
TRICH_480,24.005,3.746,30.427,89.477,243.382,1004.289,4.571,N,4400.901,2.294,Medium Yeild
TRICH_481,32.036,5.829,20.215,117.809,232.835,1861.792,6.315,N,4675.868,2.663,Low yeild
TRICH_482,27.469,3.506,42.821,106.369,257.143,1554.369,4.753,N,4529.072,5.693,Low yeild
TRICH_483,27.78,4.743,15.247,118.878,250.113,1493.425,3.513,Y,3681.506,1.349,Medium Yeild
TRICH_484,30.66,5.635,4.865,94.865,226.715,897.074,6.615,Y,4135.753,0.932,Medium yeild
TRICH_485,23.981,4.62,51.771,80.163,258.961,1981.497,4.314,Y,4851.302,2.444,High Yeild
TRICH_486,28.272,4.709,60.341,83.764,268.538,1010.03,5.827,N,3544.932,1.717,Low yeild
TRICH_487,20.521,4.9,43.898,113.325,296.564,1094.163,5.002,Y,3150.599,-0.188,Medium Yeild
TRICH_488,26.088,6.089,51.008,43.956,283.649,1955.532,5.363,N,4470.901,0.405,Low yeild
TRICH_489,27.917,4.761,20.256,96.057,250.181,580.374,7.01,N,3749.495,2.781,Low yeild
TRICH_490,24.488,6.121,49.862,119.709,241.04,1692.098,4.824,N,4777.532,1.782,Medium Yeild
TRICH_491,25.049,4.712,5.149,105.003,264.059,888.154,6.389,N,3277.467,1.302,Low yeild
TRICH_492,25.796,4.756,13.951,121.255,239.314,1526.914,5.516,N,3547.661,2.162,Low yeild
TRICH_493,29.327,4.459,14.655,92.17,255.359,1600.362,6.464,N,3423.658,0.307,Low yeild
TRICH_494,26.813,4.424,29.221,96.061,280.186,1153.871,6.958,N,3831.335,1.029,High Yeild
TRICH_495,24.94,5.055,23.771,59.974,266.708,1314.652,5.187,N,4863.294,-2.697,Low yeild
TRICH_496,24.427,4.885,14.889,60.241,227.498,990.584,5.268,Y,4002.364,0.81,Medium Yeild
TRICH_497,35.574,5.02,45.722,99.202,238.492,1510.432,6.625,Y,3590.569,-1.12,Medium Yeild
TRICH_498,27.482,4.468,29.591,76.567,251.534,1550.873,4.77,Y,3887.026,0.821,Low yeild
TRICH_499,26.602,5.312,-19.516,83.674,228.061,665.212,5.24,Y,3472.208,3.218,Medium Yeild
TRICH_500,23.53,5.989,28.48,36.739,224.432,1187.209,5.914,N,4599.582,6.779,Medium Yeild
TRICH_501,26.627,4.44,41.713,102.785,249.258,1452.164,5.455,N,4742.3,2.33,Medium Yeild
TRICH_502,29.953,5.634,48.211,98.653,266.577,2249.409,6.546,N,4672.28,1.166,Low yeild
TRICH_503,25.321,6.662,48.846,123.541,245.454,684.347,4.452,Y,3797.792,1.539,High Yeild
TRICH_504,33.208,5.655,-17.839,96.972,285.785,1636.113,6.807,Y,4555.651,-0.239,Low yeild
TRICH_505,29.728,6.102,34.71,100.785,244.28,623.469,7.181,Y,3574.937,3.589,Medium Yeild
TRICH_506,27.634,4.427,12.243,96.265,221.406,828.636,6.283,Y,3227.074,0.943,High Yeild
TRICH_507,29.815,3.916,11.245,106.097,242.943,1368.772,5.02,Y,4519.634,1.033,Medium Yeild
TRICH_508,27.666,6.868,42.412,116.758,272.08,1141.618,5.907,Y,3920.604,-1.375,Medium yeild
TRICH_509,25.951,4.965,9.744,72.81,265.366,652.71,4.968,N,3719.175,3.289,Medium Yeild
TRICH_510,28.263,5.164,16.031,73.939,277.907,1070.843,6.338,N,4151.712,2.439,Medium Yeild
TRICH_511,24.626,3.813,-7.459,83.154,256.995,842.326,5.396,Y,4220.903,-0.307,Low yeild
TRICH_512,26.107,3.734,21.16,75.838,237.59,1230.062,4.172,Y,3854.496,1.265,Low yeild
TRICH_513,25.744,5.639,38.201,89.895,260.74,1827.045,5.011,Y,4369.104,1.622,High Yeild
TRICH_514,24.901,4.405,75.117,102.899,265.037,842.116,5.467,N,4577.594,3.3,Medium Yeild
TRICH_515,27.967,5.719,33.259,64.54,237.628,1102.696,6.233,N,4327.174,2.469,High Yeild
TRICH_516,26.694,4.761,50.907,105.21,239.101,1642.988,5.579,N,4082.278,-0.712,Low yeild
TRICH_517,24.57,4.469,-9.183,76.446,297.18,2131.188,6.002,Y,4116.494,-0.219,Low yeild
TRICH_518,27.85,3.851,50.111,117.157,263.829,2224.82,4.454,Y,3873.034,2.619,Medium Yeild
TRICH_519,25.125,4.778,-3.673,89.728,272.431,1126.841,6.114,Y,4154.529,2.971,Medium yeild
TRICH_520,25.611,5.008,4.753,84.381,245.153,851.403,6.022,Y,4745.032,-0.223,Medium Yeild
TRICH_521,28.529,6.122,22.319,99.539,273.302,918.388,7.535,Y,5701.015,0.367,High Yeild
TRICH_522,23.476,5.656,9.71,88.457,237.471,1265.097,5.221,N,3498.845,0.87,Low yeild
TRICH_523,27.387,6.622,13.906,68.483,254.048,944.167,6.017,Y,5016.832,-0.897,Low yeild
TRICH_524,30.151,5.803,23.259,77.509,261.845,2124.14,4.499,Y,4122.687,2,Medium yeild
TRICH_525,31.29,4.304,25.47,118.506,266.466,1223.881,5.107,N,4004.009,3.394,High Yeild
TRICH_526,27.501,5.763,-23.348,97.705,265.441,943.981,4.984,N,3204.715,0.281,Low yeild
TRICH_527,31.19,3.75,1.245,78.652,268.815,1107.863,4.321,N,3969.397,1.469,Low yeild
TRICH_528,26.051,3.589,47.842,99.059,267.964,850.109,4.834,N,3909.732,3.149,Medium Yeild
TRICH_529,27.808,5.137,-4.42,89.797,265.189,962.238,4.591,N,4233.337,1.777,Low yeild
TRICH_530,27.676,6.32,40.951,109.51,257.013,549.267,3.862,Y,4723.243,1.904,Low yeild
TRICH_531,27.141,6.104,50.046,130.551,256.961,343.479,4.766,N,4460.363,2.019,Low yeild
TRICH_532,28.052,4.421,53.011,97.098,257.888,1250.38,4.753,N,5075.659,3.862,Low yeild
TRICH_533,29.933,4.479,5.537,96.117,273.407,1126.303,5.571,Y,3658.238,-2.549,Medium Yeild
TRICH_534,25.385,4.662,-1.607,71.977,263.854,622.471,5.078,Y,4254.557,4.264,Low yeild
TRICH_535,30.516,4.983,24.704,142.045,267.828,1114.045,5.857,Y,3836.023,3.599,Medium Yeild
TRICH_536,28.236,4.35,22.147,74.637,252.268,1361.029,5.466,N,5547.962,1.492,Low yeild
TRICH_537,33.267,4.825,9.128,61.278,250.65,1353.227,7.122,N,3454.085,4.818,Medium Yeild
TRICH_538,28.064,3.508,18.256,96.744,254.744,759.475,5.305,Y,3571.769,2.14,Low yeild
TRICH_539,27.736,5.392,18.599,139.924,248.353,933.179,5.865,Y,4113.31,-2.996,Low yeild
TRICH_540,25.332,4.536,-5.388,69.621,255.504,550.976,5.307,Y,4304.078,4.888,Low yeild
TRICH_541,33.051,5.624,-2.572,65.431,221.48,725.915,5.785,N,4667,3.141,Low yeild
TRICH_542,24.653,5.337,10.562,96.651,287.994,764.537,5.784,N,4196.358,0.931,Medium Yeild
TRICH_543,24.899,6.562,36.798,79.212,297.33,938.488,7.068,N,4239.667,3.937,Medium Yeild
TRICH_544,27.145,4.724,5.308,83.03,251.508,1664.926,3.994,Y,3933.597,2.543,Medium Yeild
TRICH_545,27.074,4.152,-15.256,103.501,267.05,1602.159,4.792,N,4278.029,3.282,Low yeild
TRICH_546,25.614,4.973,30.935,71.997,223.897,1385.76,4.584,N,4071.103,1.942,Low yeild
TRICH_547,25.841,6.414,35.972,99.631,244.583,492.414,5.025,N,3853.351,1.81,Medium Yeild
TRICH_548,25.455,5.08,5.249,141.085,249.935,880.144,6.325,N,4424.516,1.079,Low yeild
TRICH_549,26.488,4.377,3.538,95.412,261.225,1594.181,5.222,N,4203.381,5.021,Low yeild
TRICH_550,24.565,5.354,-5.759,93.725,252.057,736.349,5.429,N,3919.193,1.101,Medium Yeild
TRICH_551,27.934,4.449,-2.582,76.704,225.033,460.938,5.813,Y,3993.883,1.106,High Yeild
TRICH_552,25.957,5.807,16.312,103.99,241.67,1756.917,4.141,N,4343.609,3.794,Low yeild
TRICH_553,28.914,5.135,8.127,99.855,276.297,1032.078,3.544,Y,3850.225,2.276,Low yeild
TRICH_554,28.208,5.086,54.423,91.384,218.561,847.14,6.546,N,3801.972,-0.375,Low yeild
TRICH_555,27.064,5.645,32.976,100.86,266.904,1626.342,6.21,Y,4609.918,5.041,Medium Yeild
TRICH_556,30.166,4.902,53.124,92.513,239.031,1647.291,4.901,Y,3890.476,3.671,Low yeild
TRICH_557,26.693,4.226,-10.518,93.026,238.607,1690.072,4.689,N,2982.074,2.733,High Yeild
TRICH_558,25.475,5.309,24.69,66.716,307.827,1482.366,6.412,N,4283.211,1.727,Low yeild
TRICH_559,27.347,5.198,40.269,107.006,287.581,85.287,5.732,N,4657.325,3.263,High Yeild
TRICH_560,24.656,6.696,1.236,80.973,262.312,1562.698,4.107,Y,3975.478,0.359,Low yeild
TRICH_561,26.732,4.024,-10.38,90.622,240.407,827.802,4.907,N,3746.353,2.472,Low yeild
TRICH_562,26.488,4.648,25.022,109.759,279.889,1745.613,5.425,N,3498.406,0.985,High Yeild
TRICH_563,24.552,4.72,46.422,109.132,235.283,1586.331,5.152,N,4295.91,2.434,Medium Yeild
TRICH_564,26.493,6.888,-2.289,91.432,222.322,464.7,5.828,Y,3920.651,-0.648,Low yeild
TRICH_565,26.54,5.805,30.04,97.413,283.917,998.484,5.057,N,3452.024,3.661,Medium yeild
TRICH_566,24.841,4.701,-1.914,95.436,221.177,716.174,6.098,N,4168.831,5.512,Low yeild
TRICH_567,28.038,6.764,18.525,105.661,257.178,1629.34,3.581,N,3310.234,3.359,Low yeild
TRICH_568,28.03,4.853,12.927,72.742,272.706,1161.021,5.8,Y,3310.766,4.894,Low yeild
TRICH_569,28.479,5.435,29.223,109.112,215.518,923.781,5.72,N,5240.013,3.478,Medium Yeild
TRICH_570,28.094,5.352,-1.632,90.608,279.712,911.362,6.032,N,3662.889,2.84,Low yeild
TRICH_571,24.931,6.238,67.123,81.996,242.753,1430.746,5.632,Y,3858.419,1.713,Medium Yeild
TRICH_572,28.39,5.735,24.35,121.501,262.137,1781.523,7.18,N,3909.365,1.155,High Yeild
TRICH_573,31.269,4.475,76.691,99.757,229.337,521.829,5.088,N,4185.815,3.77,Medium Yeild
TRICH_574,26.956,5.946,38.18,72.243,212.64,1257.903,6.829,N,4561.627,1.591,Low yeild
TRICH_575,30.3,4.587,23.693,91.971,206.595,663.9,4.779,N,3587.788,3.599,Low yeild
TRICH_576,27.916,4.601,33.22,109.542,240.571,2156.017,4.255,N,4244.274,0.273,Medium Yeild
TRICH_577,27.027,4.941,26.935,73.166,283.765,814.592,4.207,Y,4534.959,3.245,High Yeild
TRICH_578,26.623,5.465,15.886,69.898,232.72,1319.829,6.128,N,3278.16,3.694,Medium Yeild
TRICH_579,25.623,5.248,18.331,84.664,255.097,1311.02,4.454,Y,4363.363,7.844,Low yeild
TRICH_580,24.706,4.718,-14.589,96.157,257.687,1086.688,5.66,Y,4676.267,-0.854,High Yeild
TRICH_581,26.676,6.181,66.59,116.129,231.584,1350.394,6.634,N,4459.045,1.577,Medium Yeild
TRICH_582,26.352,4.55,16.293,128.155,213.877,1113.017,4.465,N,4316.709,3.117,Low yeild
TRICH_583,26.91,4.952,19.873,131.462,278.741,798.938,6.796,Y,4173.301,3.493,Medium Yeild
TRICH_584,28.648,5.626,43.974,78.697,245.649,991.785,6.255,Y,3951.774,5.334,Low yeild
TRICH_585,25.852,4.83,-21.626,79.748,243.162,1089.025,4.927,Y,4179.981,4.545,Low yeild
TRICH_586,22.773,5.892,15.548,72.067,247.469,999.617,5.817,N,4346.596,8.107,High Yeild
TRICH_587,25.888,5.111,51.106,67.347,215.54,1330.909,5.263,N,3857.261,-1.757,Low yeild
TRICH_588,28.547,4.531,44.804,117.591,248.186,1845.006,3.34,N,4428.599,8.904,Low yeild
TRICH_589,25.012,5.796,2.791,116.027,252.834,471.646,4.363,Y,3566.742,0.035,Medium Yeild
TRICH_590,26.606,4.438,33.97,114.689,191.811,1735.832,4.647,N,3728.118,1.7,Medium yeild
TRICH_591,27.516,4.739,70.538,74.068,241.589,1497.088,5.183,N,4352.152,1.446,Medium Yeild
TRICH_592,27.828,3.958,-14.549,71.172,271.587,654.368,5.042,N,4721.171,-0.997,Low yeild
TRICH_593,27.14,5.393,-31.535,65.176,274.127,837.303,6.017,N,4040.239,4.848,Low yeild
TRICH_594,25.614,4.707,40.411,107.364,224.121,1358.528,4.507,Y,4345.791,2.664,Low yeild
TRICH_595,23.961,6.227,5.771,111.648,244.174,1486.762,5.891,N,3423.686,1.511,Low yeild
TRICH_596,25.171,5.749,4.932,65.973,259.46,1206.592,5.037,N,2769.01,0.877,High Yeild
TRICH_597,27.613,2.608,25.144,112.015,283.703,1042.198,6.667,Y,4496.92,3.867,Low yeild
TRICH_598,27.4,4.463,37.874,131.571,249.194,291.722,6.084,Y,3880.877,4.741,Low yeild
TRICH_599,27.979,4.546,57.766,73.758,244.852,760.413,6.025,N,4168.952,3.353,Medium Yeild
TRICH_600,23.559,5.42,47.117,98.42,257.473,545.926,5.537,N,4598.238,1.25,Low yeild
TRICH_601,29.011,5.827,27.407,84.072,239.527,1065.401,5.806,N,3817.811,-2.818,Medium Yeild
TRICH_602,26.004,5.545,31.833,92.594,288.519,1591.89,4.462,Y,3051.92,3.97,Medium Yeild
TRICH_603,26.273,4.83,18.374,92.646,232.036,1213.836,7.087,Y,3573.183,0.981,Medium yeild
TRICH_604,25.495,4.425,10.412,69.009,238.297,751.869,4.558,Y,3679.724,0.807,High Yeild
TRICH_605,26.249,4.997,4.816,87.326,273.712,532.621,5.439,Y,4619.951,-1.254,High Yeild
TRICH_606,26.036,5.522,40.205,75.783,307.807,2179.672,5.821,N,3911.638,1.364,Medium Yeild
TRICH_607,27.406,5.252,18.613,93.146,243.704,925.347,5.646,N,3253.277,-0.179,Low yeild
TRICH_608,25.194,3.555,34.288,150.322,261.992,795.512,5.912,N,4478.237,7.205,Low yeild
TRICH_609,29.815,5.242,14.92,114.931,278.308,1113.489,7.409,Y,3909.774,4.248,Low yeild
TRICH_610,28.656,4.752,10.651,66.627,243.049,176.484,6.17,Y,5148.723,0.083,Medium Yeild
TRICH_611,31.587,4.189,28.021,92.163,249.949,800.966,4.008,Y,3841.412,2.401,Medium Yeild
TRICH_612,29.126,4.795,22.189,67.849,268.756,717.214,4.133,N,2896.019,1.719,Low yeild
TRICH_613,29.412,5.365,24.493,57.724,259.621,793.95,3.666,N,4339.382,2.237,Low yeild
TRICH_614,28.74,5.49,39.54,79.489,262.497,585.81,6.263,Y,4405.633,2.228,Low yeild
TRICH_615,27.87,6.035,29.577,104.435,262.984,953.663,6.165,N,4153.71,-0.786,Medium Yeild
TRICH_616,27.997,4.932,18.167,98.561,229.594,1223.698,8.269,N,4244.935,4.117,Low yeild
TRICH_617,27.253,4.825,29.946,95.189,276.16,1081.534,5.63,Y,4074.006,1.26,Low yeild
TRICH_618,27.103,5.083,4.073,83.632,278.048,1909.823,8.313,Y,2419.287,1.768,Low yeild
TRICH_619,28.892,4.451,-9.26,115.441,246.151,346.214,7.053,N,4079.443,6.365,Low yeild
TRICH_620,28.99,4.691,24.314,105.071,258.953,2151.798,4.776,Y,4582.941,0.576,Low yeild
TRICH_621,30.327,5.729,43.777,86.782,206.744,1065.651,5.553,N,5010.45,3.935,Medium Yeild
TRICH_622,34.505,5.128,26.581,91.378,264.522,578.086,6.441,Y,4121.067,4.335,Low yeild
TRICH_623,27.015,4.81,0.642,85.843,231.148,1643.52,5.448,N,3967.566,4.785,Medium Yeild
TRICH_624,26.87,4.273,31.565,108.408,258.917,1807.814,3.448,N,4928.909,2.563,Medium Yeild
TRICH_625,28.573,4.316,2.031,68.358,274.682,2085.11,6.087,Y,3836.441,2.329,Medium yeild
TRICH_626,30.26,4.897,-12.657,83.27,213.816,1844.04,4.989,Y,4396.001,2.419,Low yeild
TRICH_627,30.473,5.314,26.706,145.847,293.564,1886.465,5.937,N,4395.852,4.934,Low yeild
TRICH_628,27.362,5.316,12.976,95.913,232.607,1389.74,6.633,Y,5120.016,4.031,Low yeild
TRICH_629,29.009,5.365,-3.281,69.176,238.081,462.878,3.892,N,3599.038,0.117,Low yeild
TRICH_630,26.06,6.383,13.53,67.208,266.521,1249.085,4.811,N,4799.289,1.996,Medium Yeild
TRICH_631,29.434,6.028,38.04,81.538,260.799,713.884,4.032,Y,4884.498,2.608,Medium Yeild
TRICH_632,28.731,5.486,1.582,91.13,197.481,1583.472,6.135,Y,4286.881,-3.528,Medium Yeild
TRICH_633,28.202,4.771,23.503,68.691,241.458,381.102,4.97,Y,5014.059,2.024,Medium Yeild
TRICH_634,26.63,5.745,53.771,99.782,270.514,1024.814,6.558,N,4513.504,0.736,Low yeild
TRICH_635,31.184,6.016,8.944,71.225,209.752,935.27,5.179,Y,5091.488,2.685,Medium Yeild
TRICH_636,25.241,5.033,40.309,111.759,239.195,576.689,5.958,N,3698.889,3.469,Medium Yeild
TRICH_637,28.083,5.221,36.103,97.181,244.08,996.111,4.476,Y,3812.922,3.143,Low yeild
TRICH_638,24.618,5.709,54.963,75.653,256.85,1534.808,6.829,N,4247.656,3.399,Medium Yeild
TRICH_639,29.938,5.189,24.62,70.544,250.978,327.405,5.057,N,4815.894,-0.091,Low yeild
TRICH_640,28.24,4.528,30.517,99.179,228.738,1067.721,5.982,Y,3077.992,1.522,Low yeild
TRICH_641,27.78,4.535,28.321,87.4,264.898,1060.483,5.301,N,3525.065,2.21,Medium Yeild
TRICH_642,30.334,5.696,1.328,120.206,249.42,2165.295,5.111,N,4619.325,0.207,Medium yeild
TRICH_643,24.232,5.809,-17.409,121.39,272.457,1092.682,6.674,N,3556.399,1.416,Low yeild
TRICH_644,27.47,4.79,37.991,87.854,241.472,1032.214,7.256,N,4800.165,2.594,High Yeild
TRICH_645,27.943,4.95,21.601,58.883,252.658,1428.267,6.532,Y,3576.022,7.403,High Yeild
TRICH_646,29.645,3.666,23.955,100.119,270.546,1141.799,6.551,Y,4367.675,2.544,High Yeild
TRICH_647,28.736,3.911,35.792,102.19,228.697,793.384,5.249,N,3401.833,0.379,Medium Yeild
TRICH_648,24.178,5.799,-1.556,84.066,250.218,1049.509,5.909,N,4891.241,3.682,Medium yeild
TRICH_649,29.08,4.311,55.198,114.187,215.685,673.839,6.397,N,4439.304,0.134,Low yeild
TRICH_650,28.525,6.143,37.146,101.318,258.374,1244.929,5.151,Y,2857.175,4.956,Medium yeild
TRICH_651,30.222,4.345,4.691,98.841,285.274,244.419,5.077,N,4663.527,1.968,Low yeild
TRICH_652,26.992,3.741,14.295,68.107,258.411,1134.56,7.437,N,4077.572,-0.453,Low yeild
TRICH_653,25.876,5.13,48.373,79.311,250.911,1684.755,5.407,N,4301.716,1.55,Low yeild
TRICH_654,24.71,5.408,6.063,108.879,224.543,803.353,5.442,N,4100.171,4.92,High Yeild
TRICH_655,24.352,4.383,1.321,88.116,214.493,1875.755,4.584,Y,3661.906,1.526,Low yeild
TRICH_656,27.114,5.757,8.227,101.876,239.5,977.425,5.613,Y,3826.411,0.688,Medium Yeild
TRICH_657,30.158,4.212,67.766,69.944,229.251,1010.835,5.12,N,4724.255,-0.426,Medium Yeild
TRICH_658,32.995,5.995,24.242,83.518,212.427,1477.385,5.899,N,5035.904,3.133,Medium Yeild
TRICH_659,25.085,4.918,6.331,78.238,242.715,1216.275,4.73,Y,4745.156,2.371,Low yeild
TRICH_660,27.786,5.657,19.011,73.16,250.781,1012.117,5.529,Y,3576.094,6.669,High Yeild
TRICH_661,28.021,4.339,17.972,101.673,241.864,1565.211,4.284,N,3809.68,-1.315,Medium Yeild
TRICH_662,26.253,5.119,6.706,116.747,290.298,1025.053,6.628,Y,3831.178,5.319,High Yeild
TRICH_663,27.394,5.355,53.595,79.168,274.753,877.248,4.757,Y,4389.25,-1.91,High Yeild
TRICH_664,27.603,4.428,29.722,62.078,256.697,1486.363,5.779,N,4704.021,5.279,Medium yeild
TRICH_665,33.217,4.941,60.467,60.888,279.175,1445.871,4.334,N,3723.261,4.782,Medium Yeild
TRICH_666,27.436,3.862,1.633,89.93,187.704,1062.665,4.979,N,3459.964,3.577,Medium Yeild
TRICH_667,27.486,4.654,29.904,122.307,245.148,1340.208,6.245,N,4258.604,2.251,Low yeild
TRICH_668,30.218,4.855,13.776,80.138,260.169,1374.432,5.754,N,3847.494,-0.41,Medium Yeild
TRICH_669,31.489,4.137,43.786,76.192,252.182,802.566,4.88,N,4388.873,0.187,High Yeild
TRICH_670,28.723,4.84,-11.272,92.711,278.463,1036.67,5.8,Y,3606.048,1.184,High Yeild
TRICH_671,24.527,5.968,6.038,92.298,223.176,787.386,4.071,Y,3640.832,4.242,High Yeild
TRICH_672,33.069,4.776,53.295,76.27,269.446,1061.038,4.951,Y,3105.687,0.967,Medium Yeild
TRICH_673,29.628,4.831,23.983,89.707,230.661,1377.099,6.859,N,3523.024,3.314,Medium yeild
TRICH_674,27.031,6.17,28.64,83.858,265.333,1431.853,5.673,Y,3880.966,3.028,Low yeild
TRICH_675,28.241,5.32,19.664,109.365,269.027,1691.686,4.381,N,5796.34,2.147,Medium Yeild
TRICH_676,22.437,4.235,48.102,100.17,236.853,342.838,4.827,N,4331.15,1.587,Low yeild
TRICH_677,26.687,4.767,41.491,113.944,289.511,1075.118,5.065,Y,4158.732,0.643,Low yeild
TRICH_678,25.502,5.736,-10.94,87.687,299.013,2601.14,6.022,N,4316.957,5.135,Low yeild
TRICH_679,25.74,5.364,-3.048,73.44,243.402,1535.056,6.403,Y,3839.861,2.827,Low yeild
TRICH_680,23.945,4.351,18.242,75.657,289.314,1215.932,6.402,Y,3501.073,-1.711,Low yeild
TRICH_681,26.713,4.908,39.662,100.125,228.885,1795.401,4.818,Y,4019.812,5.365,Low yeild
TRICH_682,26.397,6.648,44.263,120.49,252.727,-162.78,3.979,N,4039.714,0.927,Low yeild
TRICH_683,26.988,6.058,-11.215,115.541,213.332,637.783,5.952,N,3715.936,0.827,Medium Yeild
TRICH_684,28.313,5.795,18.153,109.726,278.877,1758.311,5.986,N,4092.032,1.84,Medium yeild
TRICH_685,28.606,5.479,69.709,98.37,233.259,1740.811,4.987,N,4191.302,1.97,High Yeild
TRICH_686,29.966,6.101,5.199,83.727,250.086,952.74,4.522,N,3463.198,4.744,Medium Yeild
TRICH_687,24.707,4.476,37.496,106.608,271.881,1083.618,6.588,Y,4419.372,1.581,Low yeild
TRICH_688,23.616,5.253,-4.519,83.467,261.743,1956.013,6.453,N,3155.861,7.743,Low yeild
TRICH_689,29.162,5.388,24.934,110.798,249.927,1258.635,5.089,Y,4708.753,2.186,Low yeild
TRICH_690,27.993,6.043,30.573,119.698,281.385,1595.772,5.877,N,3921.651,2.559,Medium Yeild
TRICH_691,24.998,4.322,45.314,69.969,244.685,1170.041,5.262,N,3334.407,-1.081,Low yeild
TRICH_692,28.12,4.437,11.11,72.972,237.923,755.069,5.191,Y,4143.635,4.092,Low yeild
TRICH_693,25.705,4.056,9.379,86.674,215.147,1335.632,6.29,N,3888.84,1.119,Low yeild
TRICH_694,27.308,4.867,-0.699,93.443,282.242,737.548,6.714,N,4650.517,4.591,Medium Yeild
TRICH_695,25.402,6.062,-2.427,88.544,276.366,1801.952,5.28,Y,3774.706,2.245,Medium Yeild
TRICH_696,29.548,5.019,16.333,80.386,206.781,1407.299,6.475,Y,3522.961,3.409,Medium Yeild
TRICH_697,23.938,6.014,86.008,88.435,258.552,938.26,6.183,N,5128.556,-0.516,Low yeild
TRICH_698,26.452,4.172,28.944,105.773,296.538,843.337,4.175,N,4767.659,2.109,Medium Yeild
TRICH_699,21.798,3.776,43.835,84.432,263.321,1598.93,5.421,N,4028.196,4.448,Medium Yeild
TRICH_700,27.541,5.364,7.514,66.167,247.902,856.665,5.423,N,3988.793,-0.784,Medium Yeild
TRICH_701,26.64,4.323,5.271,61.091,275.35,1399.375,5.764,Y,4172.726,1.564,Medium Yeild
TRICH_702,26.383,4.752,42.337,86.543,252.497,1475.393,6.418,Y,3149.563,6.055,Medium Yeild
TRICH_703,26.459,4.662,24.558,118.67,238.288,1209.893,3.679,N,3986.679,2.97,Medium Yeild
TRICH_704,28.204,3.618,1.357,84.358,262.022,2568.498,5.217,N,5009.046,0.3,Low yeild
TRICH_705,27.002,4.424,8.435,87.298,202.272,1614.168,4.64,N,3975.126,0.922,High Yeild
TRICH_706,27.416,5.395,52.651,96.597,240.271,1522.338,4.399,N,3435.449,3.792,Low yeild
TRICH_707,26.742,4.971,-0.796,82.672,282.526,1324.492,5.697,N,5147.259,0.043,Low yeild
TRICH_708,27.383,5.819,-6.672,75.412,255.691,1475.782,6.058,Y,4368.533,1.503,Low yeild
TRICH_709,26.129,3.965,56.084,83.554,250.029,656.308,5.892,N,5182.147,-0.108,Low yeild
TRICH_710,23.664,3.604,50.85,94.563,279.879,862.191,5.179,N,3517.881,-0.746,Medium Yeild
TRICH_711,29.796,3.558,23.243,61.674,257.152,1241.638,6.999,N,4218.783,5.386,Medium Yeild
TRICH_712,27.642,3.874,33.385,40.805,234.623,1335.389,4.792,N,3929.301,2.191,High Yeild
TRICH_713,29.096,5.655,56.807,87.608,205.484,1289.509,6.617,N,4464.195,2.769,Low yeild
TRICH_714,24.609,5.449,10.11,118.953,216.326,1115.592,5.384,Y,4657.183,-2.455,Low yeild
TRICH_715,22.104,4.852,13.427,92.069,212.811,1101.378,4.392,Y,4585.799,-1.703,High Yeild
TRICH_716,27.116,5.614,47.093,53.542,268.6,1557.941,5.065,N,3877.413,4.051,Medium Yeild
TRICH_717,26.854,6.512,14.713,96.054,246.448,1498.54,5.795,N,4265.784,0.19,Low yeild
TRICH_718,26.846,4.145,39.475,76.299,219.486,1150.557,4.149,N,3751.734,3.543,Medium Yeild
TRICH_719,24.871,4.542,20.938,98.542,265.705,1216.819,6.533,N,3487.01,1.968,Low yeild
TRICH_720,23.896,5.767,-26.56,60.551,257.7,202.325,5.531,Y,4336.959,4.305,Medium yeild
TRICH_721,28.306,4.621,36.595,102.384,268.738,652.155,6.107,N,3965.795,-0.152,Low yeild
TRICH_722,24.397,4.338,29.291,79.47,267.459,2604.987,3.905,Y,4534.938,3.53,Medium Yeild
TRICH_723,29.373,6.431,40.364,130.437,288.287,705.402,6.298,N,3922.043,1.252,Low yeild
TRICH_724,22.832,4.463,22.599,107.324,254.989,1041.19,4.318,N,4600.384,6.707,Low yeild
TRICH_725,23.981,4.946,55.446,79.031,279.44,1387.388,5.53,N,3716.616,-3.915,Low yeild
TRICH_726,27.861,4.548,0.082,58.993,276.487,1630.343,5.616,Y,4158.763,2.269,Low yeild
TRICH_727,29.128,5.864,20.736,104.542,265.182,1840.017,5.033,N,4012.931,5.279,Medium Yeild
TRICH_728,28.749,4.936,24.323,117.986,255.597,89.573,4.979,N,4011.584,1.189,Low yeild
TRICH_729,26.255,4.78,4.619,91.978,216.773,1393.805,6.215,N,4428.41,1.66,Low yeild
TRICH_730,25.337,5.52,-8.799,114.641,238.666,1389.52,3.774,Y,4460.192,5.571,Medium yeild
TRICH_731,28.702,4.933,18.079,137.859,261.554,1337.598,4.973,Y,3961.42,2.837,Low yeild
TRICH_732,25.806,5.27,18.744,101.497,260.015,-39.341,4.884,Y,4403.37,0.736,Medium Yeild
TRICH_733,28.32,4.526,18.596,108.123,224.217,1265.769,4.069,Y,3868.369,4.561,Low yeild
TRICH_734,22.259,4.685,56.708,76.491,245.582,871.809,6.394,N,4271.648,-1.006,Low yeild
TRICH_735,26.079,6.348,31.785,97.832,261.777,961.589,5.08,N,4939.882,1.359,Low yeild
TRICH_736,27.601,6.129,45.99,95.128,289.164,963.183,4.537,N,3707.741,1.553,Medium Yeild
TRICH_737,27.363,5.571,58.133,53.466,247.887,486.692,4.948,N,2673.981,0.889,Low yeild
TRICH_738,30.796,5.489,31.254,85.676,277.976,1221.261,5.426,Y,4026.29,2.779,High Yeild
TRICH_739,28.277,5.37,-13.896,109.765,241.06,793.736,4.815,N,4381.59,-0.773,Medium Yeild
TRICH_740,23.03,5.422,3.154,97.81,242.567,862.103,4.271,Y,4075.109,3.604,Medium Yeild
TRICH_741,30.2,4.106,-0.601,92.96,281.459,994.681,6.488,N,4485.253,0.54,Medium Yeild
TRICH_742,26.053,4.513,28.125,59.842,259.741,1251.679,5.489,Y,4884.816,1.597,Low yeild
TRICH_743,22.63,4.485,7.798,92.54,252.641,881.711,4.262,Y,3697.147,6.077,Low yeild
TRICH_744,24.663,4.072,21.64,104.612,256.076,1024.703,6.352,Y,3835.318,-0.525,Low yeild
TRICH_745,29.078,4.535,38.864,95.546,305.936,1840.881,5.619,N,3788.906,3.306,High Yeild
TRICH_746,31.975,5.286,25.373,104.704,259.381,1729.727,4.548,Y,3615.073,-1.069,Low yeild
TRICH_747,25.288,5.139,21.232,114.681,246.062,785.055,6.913,N,4020.398,4.613,Medium yeild
TRICH_748,27.66,4.904,50.478,81.285,254.707,1038.34,4.29,N,4225.646,4.092,Medium Yeild
TRICH_749,25.555,5.176,31.415,82.505,258.754,1208.862,5.027,N,5138.168,5.2,Low yeild
TRICH_750,28.566,4.666,7.582,52.76,262.377,1606.29,7.301,Y,4039.788,4.044,Medium Yeild
TRICH_751,29.467,6.238,-19.763,63.95,230.573,1834.271,3.478,Y,3807.653,-2.422,Medium Yeild
TRICH_752,23.854,5.594,18.616,77.502,242.184,677.471,5.669,N,3534.396,0.574,Medium Yeild
TRICH_753,29.355,4.968,19.312,117.069,274.156,1093.655,6.236,Y,4179.749,2.562,Medium Yeild
TRICH_754,28.512,6.238,33.219,62.251,251.637,369.569,6.074,Y,3256.218,-0.245,Low yeild
TRICH_755,26.81,5.089,9.382,59.737,255.626,752.316,7.742,N,3823.435,3.572,Medium Yeild
TRICH_756,29.615,4.857,38.724,64.108,278.748,1457.911,5.231,Y,3818.308,3.46,Medium Yeild
TRICH_757,26.37,5.635,3.827,103.215,232.108,1619.354,6.85,N,4150.851,1.885,High Yeild
TRICH_758,27.873,5.667,-12.511,95.947,247.62,910.643,4.923,Y,5016.453,2.185,Low yeild
TRICH_759,30.292,4.921,8.273,103.452,222.853,1083.937,4.489,Y,2791.341,3.879,Medium Yeild
TRICH_760,30.729,4.762,17.233,111.115,285.317,417.8,4.203,N,2992.454,1.166,Low yeild
TRICH_761,26.4,4.944,44.081,82.846,232.259,620.907,4.961,Y,4757.964,2.849,Medium Yeild
TRICH_762,29.714,4.157,11.163,85.043,238.039,1269.448,4.891,Y,5256.938,3.344,High Yeild
TRICH_763,26.104,6.213,5.433,115.011,284.873,1465.924,5.711,N,4397.06,2.05,Low yeild
TRICH_764,31.417,5.841,12.577,71.098,231.614,1558.857,5.231,Y,3522.209,4.228,Low yeild
TRICH_765,27.365,6.164,14.757,79.672,284.456,1217.129,5.34,N,3501.736,0.772,High Yeild
TRICH_766,28.511,3.386,2.149,136.805,278.032,760.552,6.317,Y,3869.716,3.774,Medium Yeild
TRICH_767,26.513,6.08,20.031,97.738,205.145,809.92,5.655,N,3483.844,4.287,Low yeild
TRICH_768,24.693,4.758,34.338,115.161,216.884,408.787,4.656,N,4268.007,1.721,Low yeild
TRICH_769,27.843,5.676,49.875,117.851,243.357,1592.344,5.765,N,3719.206,2.763,Low yeild
TRICH_770,28.756,4.533,32.821,97.739,232.015,1116.293,5.353,N,4201.445,3.675,Low yeild
TRICH_771,26.285,5.438,22.285,78.453,290.305,460.197,6.245,N,4052.47,1.248,Low yeild
TRICH_772,31.015,5.999,62.336,89.383,203.881,550.583,6.736,Y,4293.426,0.39,Medium yeild
TRICH_773,27.991,6.04,33.718,97.387,284.381,41.834,4.944,Y,3983.195,0.208,High Yeild
TRICH_774,30.832,4.3,3.699,68.917,244.641,1768.348,5.104,Y,4241.338,1.45,Low yeild
TRICH_775,24.537,4.325,-3.446,68.715,225.616,881.452,4.096,Y,4707.498,1.184,Medium Yeild
TRICH_776,26.954,5.274,50.727,102.882,248.27,943.506,5.287,N,5363.17,2.95,Low yeild
TRICH_777,26.272,6.353,15.678,103.629,248.418,1635.088,5.215,Y,3822.789,7.563,Medium Yeild
TRICH_778,24.351,5.299,-2.212,94.565,242.728,1332.071,5.634,Y,4233.635,2.912,Low yeild
TRICH_779,29.819,3.136,-15.527,103.171,254.725,1485.569,6.158,N,3552.384,4.107,Medium Yeild
TRICH_780,29.632,5.213,59.079,71.944,192.357,1360.386,3.755,Y,3590.533,3.011,Medium Yeild
TRICH_781,25.35,5.011,39.732,68.699,262.082,2816.013,6.197,N,3437.45,5.043,Low yeild
TRICH_782,27.399,4.473,38.407,98.584,250.513,477.033,5.452,N,3438.77,-2.763,Low yeild
TRICH_783,30.223,3.888,-0.569,104.439,249.462,1413.942,3.64,N,3155.392,2.637,Medium Yeild
TRICH_784,26.935,4.98,13.2,105.202,254.81,1131.603,5.039,Y,3060.981,-2.166,Low yeild
TRICH_785,29.972,5.592,1.957,67.1,278.696,820.78,5.593,Y,3983.387,3.744,Low yeild
TRICH_786,28.131,6.531,24.822,129.423,269.548,767.545,5.164,Y,4320.69,6.895,Medium Yeild
TRICH_787,27.595,5.359,6.438,119.13,291.714,796.387,5.759,Y,3932.388,-1.135,Low yeild
TRICH_788,22.635,4.214,19.478,96.254,230.281,1366.992,4.042,N,4195.311,4.921,High Yeild
TRICH_789,31.394,4.845,4.197,104.556,265.387,-475.612,5.949,Y,3978.087,-1.276,Medium Yeild
TRICH_790,25.348,4.282,48.334,86.532,242.56,1341.02,6.474,Y,4418.008,1.312,Low yeild
TRICH_791,24.815,4.501,17.669,78.819,233.377,285.069,5.187,Y,3498.666,4.797,Low yeild
TRICH_792,28.165,4.584,7.781,112.829,281.395,1707.797,5.323,Y,4572.485,2.882,Medium Yeild
TRICH_793,27.643,4.475,17.398,100.487,255.325,1707.351,5.267,N,4258.282,5.876,Low yeild
TRICH_794,27.599,5.892,17.964,61.451,253.157,13.704,6.059,Y,4619.291,-1.527,Medium Yeild
TRICH_795,27.731,4.94,48.592,77.777,262.899,965.143,5.586,Y,4425.312,4.378,Medium Yeild
TRICH_796,26.505,4.704,23.293,81.363,244.095,1851.213,6.445,N,5155.122,1.576,Medium Yeild
TRICH_797,25.241,4.817,38.302,71.301,248.112,1894.22,5.871,Y,4036.273,2.829,Low yeild
TRICH_798,27.951,5.765,37.199,48.744,233.71,301.476,6.046,N,4005.921,4.073,Low yeild
TRICH_799,28.873,4.847,16.577,89.746,254.611,1800.704,4.855,Y,4010.986,3.184,Medium Yeild
TRICH_800,27.718,4.902,23.104,95.647,259.756,2116.627,5.614,N,4756.588,6.06,Medium Yeild
TRICH_801,30.711,4.947,30.706,62.521,264.02,699.945,6.424,N,4246.518,1.791,Low yeild
TRICH_802,27.251,4.478,24.173,80.046,265.148,624.905,6.485,N,3980.954,3.687,Low yeild
TRICH_803,24.526,5.109,24.399,149.907,262.676,1028.86,5.7,N,4168.561,3.949,High Yeild
TRICH_804,25.511,4.891,-22.104,103.264,212.754,1111.828,6.446,N,3445.312,3.516,Low yeild
TRICH_805,25.055,4.777,28.011,59.113,269.829,1448.576,6.481,N,4378.771,-1.44,Medium Yeild
TRICH_806,27.836,4.188,-3.932,85.965,283.088,656.343,4.579,N,5197.96,1.078,Medium Yeild
TRICH_807,24.631,4.854,47.733,61.341,265.172,979.705,5.382,N,3493.494,2.562,Medium Yeild
TRICH_808,26.466,4.219,17.245,101.378,239.053,633.21,5.657,N,2811.597,-2.579,Medium Yeild
TRICH_809,25.198,4.259,29.012,85.732,257.94,221.635,4.456,Y,3378.921,5.368,Medium yeild
TRICH_810,27.408,5.326,0.79,86.83,209.902,211.457,5.474,Y,4392.761,0.408,High Yeild
TRICH_811,22.275,4.368,41.626,56.868,260.863,1426.944,4.147,Y,4985.175,3.308,Low yeild
TRICH_812,28.12,4.031,-36.188,120.929,263.321,1307.023,5.675,N,4980.115,0.668,Low yeild
TRICH_813,29.326,6.943,47.372,86.279,258.212,1750.983,5.513,N,4029.652,1.491,High Yeild
TRICH_814,28.329,4.927,41.116,95.698,274.935,-158.562,4.993,Y,4009.392,3.236,Medium Yeild
TRICH_815,26.896,5.985,3.179,74.473,243.237,1046.658,5.637,N,3783.907,1.696,Medium Yeild
TRICH_816,28.252,4.727,27.927,127.577,253.435,1032.761,4.91,Y,5229.42,2.103,Low yeild
TRICH_817,26.736,4.569,23.69,78.27,273.382,1507.055,6.019,N,3945.093,3.834,Low yeild
TRICH_818,26.916,4.826,24.079,93.076,209.717,904.067,6.31,N,3358.979,2.4,Low yeild
TRICH_819,27.825,4.232,13.164,104.172,242.011,1441.989,5.862,N,4372.744,0.058,Medium Yeild
TRICH_820,28.543,5.896,11.237,96.582,277.676,1433.777,5.665,Y,5287.381,4.217,Medium Yeild
TRICH_821,25.395,4.497,18.162,113.421,230.489,1765.021,5.169,N,3506.397,4.852,Low yeild
TRICH_822,30.164,3.744,37.192,92.464,251.377,985.974,5.532,N,4619.293,3.948,Low yeild
TRICH_823,28.587,5.466,50.184,73.33,248.232,908.162,6.022,N,4732.577,-0.004,Medium Yeild
TRICH_824,24.219,4.942,41.198,84.946,250.827,1283.696,6.427,Y,3825.349,3.087,Low yeild
TRICH_825,22.867,5.165,2.472,117.813,266.549,1367.582,4.884,Y,4038.309,-1.937,Medium Yeild
TRICH_826,27.348,5.605,18.615,145.492,260.98,665.237,4.477,N,4282.732,0.854,Low yeild
TRICH_827,25.731,4.614,34.062,71.498,257.266,-8.084,5.748,N,4535.241,0.916,Low yeild
TRICH_828,29.816,4.105,37.566,87.244,242.476,1936.432,5.551,Y,3154.244,5.331,Low yeild
TRICH_829,25.048,6.442,36.924,42.685,259.127,1746.717,5.808,N,4970.975,6.979,Low yeild
TRICH_830,29.139,4.374,-23.435,78.581,240.264,749.869,6.042,N,4541.345,1.895,High Yeild
TRICH_831,27.276,5.16,24.296,67.983,276.926,559.858,7.643,N,4815.763,3.582,Medium Yeild
TRICH_832,29.003,5.187,6.708,90.893,229.872,1446.36,6.738,N,4828.189,2.475,Low yeild
TRICH_833,25.929,4.065,-0.907,60.614,276.245,1048.951,4.803,N,3654.907,6.54,Low yeild
TRICH_834,29.13,5.247,10.327,82.703,258.215,341.374,5.27,N,3688.669,3.973,Medium Yeild
TRICH_835,23.307,4.953,38.057,89.618,266.662,1245.829,4.862,Y,4113.688,4.559,Low yeild
TRICH_836,29.189,5.816,30.564,90.804,286.682,1692.751,4.706,N,4178.683,2.443,Low yeild
TRICH_837,26.428,4.3,19.219,69.043,251.002,1241.364,5.457,Y,4872.207,2.618,Low yeild
TRICH_838,26.716,6.027,-0.442,69.881,270.814,1511.67,5.173,N,4441.287,2.556,Low yeild
TRICH_839,31.085,5.124,30.373,85.955,303.031,357.098,5.139,N,4334.638,0.379,Medium Yeild
TRICH_840,26.48,4.368,23.422,121.212,232.164,1228.415,5.918,Y,3906.339,1.464,Low yeild
TRICH_841,26.168,5.867,12.364,84.576,239.432,1443.59,5.141,N,4576.682,3.638,High Yeild
TRICH_842,31.045,5.414,16.944,87.08,282.097,1317.094,4.784,N,4422.079,1.944,Medium Yeild
TRICH_843,27.3,5.019,-2.826,104.277,232.565,585.732,7.193,N,4440.06,1.754,Medium Yeild
TRICH_844,28.228,3.949,-12.626,75.906,267.16,1269.01,5.113,N,4406.398,2.822,Low yeild
TRICH_845,28.381,5.271,-1.691,101.239,256.717,587.035,5.275,Y,3817.937,4.497,Low yeild
TRICH_846,28.441,6.2,5.727,79.277,240.596,1177.23,5.593,Y,4436.246,1.276,Medium Yeild
TRICH_847,24.511,6.799,34.107,104.007,264.601,924.23,6.214,Y,3337.845,3.341,Medium Yeild
TRICH_848,30.311,4.85,5.093,75.933,279.877,1182.433,6.251,N,4119.128,5.763,Medium yeild
TRICH_849,25.575,4.57,16.866,45.863,244.616,1303.638,4.965,N,3329.729,2.635,Low yeild
TRICH_850,27.397,4.995,24.576,87.961,196.088,2526.646,7.242,Y,4605.143,6.161,Medium Yeild
TRICH_851,30.221,5.894,35.98,106.158,272.868,433.986,5.248,Y,3669.784,4.269,High Yeild
TRICH_852,29.747,4.838,12.606,81.355,220.894,1404.649,4.74,N,4620.117,3.166,Low yeild
TRICH_853,29.598,4.025,38.291,57.357,248.537,1239.839,5.248,Y,4287.949,4.258,High Yeild
TRICH_854,27.677,5.034,54.227,91.886,288.353,2095.024,5.119,Y,4459.671,2.11,Low yeild
TRICH_855,26.618,4.675,24.291,57.321,231.198,998.809,5.726,N,3819.77,1.197,Medium Yeild
TRICH_856,25.451,4.657,23.477,52.667,259.027,1456.614,5.37,Y,4561.524,1.357,Medium Yeild
TRICH_857,26.073,4.849,-3.966,88.452,220.857,932.378,5.041,N,4306.915,4.623,Low yeild
TRICH_858,28.343,5.269,2.686,89.093,253.786,1570.748,6.607,N,3096.162,-2.148,Medium Yeild
TRICH_859,29.415,5.506,-9.456,109.257,243.249,622.713,4.229,Y,3492.214,6.054,Low yeild
TRICH_860,26.851,4.588,25.086,103.311,306.18,987.558,5.485,N,4008.15,5.518,Medium Yeild
TRICH_861,27.881,5.447,1.669,111.232,256.202,900.594,6.109,N,3855.388,1.282,Low yeild
TRICH_862,26.407,6.348,-0.4,93.103,201.761,1720.981,5.698,Y,4287.487,4.348,High Yeild
TRICH_863,26.849,5.241,-1.341,100.239,232.703,556.158,5.515,Y,5007.691,-0.452,Medium Yeild
TRICH_864,25.151,5.747,3.514,81.673,212.637,1195.26,5.558,N,4092.725,-1.836,Low yeild
TRICH_865,27.598,5.236,23.918,91.349,206.03,51.613,4.711,Y,4106.087,1.172,Low yeild
TRICH_866,31.063,5.927,18.191,90.584,274.905,1987.107,4.332,Y,3936.212,2.459,Low yeild
TRICH_867,33.918,4.937,-7.701,83.691,243.685,674.291,5.679,Y,4643.07,1.655,Medium yeild
TRICH_868,24.009,5.066,23.935,90.538,240.524,1221.499,5.025,N,3384.286,1.072,Low yeild
TRICH_869,26.441,5.178,52.298,112.857,280.887,1446.044,5.163,Y,4097.368,0.349,Low yeild
TRICH_870,29.199,6.336,29.546,101.768,302.446,276.533,6.288,N,4365.684,1.357,Medium Yeild
TRICH_871,26.118,5.002,21.019,94.798,282.674,944.702,4.918,N,4758.569,2.401,Low yeild
TRICH_872,27.161,4.051,42.359,78.574,257.549,281.086,6.361,Y,3890.198,4.758,Low yeild
TRICH_873,25.841,5.632,20.259,65.613,288.422,17.725,5.042,Y,3974.382,2.396,Low yeild
TRICH_874,28.117,4.88,40.973,107.657,264.058,1837.607,4.711,Y,4346.634,6.764,Low yeild
TRICH_875,27.037,4.556,42.314,100.123,252.893,1312.687,4.815,N,4471.218,1.26,Medium yeild
TRICH_876,27.423,5.747,1.672,119.2,248.509,1207.627,6.281,N,5149.254,5.77,Low yeild
TRICH_877,26.798,4.969,34.302,81.657,231.596,1074.576,5.855,N,4066.606,3.523,Low yeild
TRICH_878,28.744,4.56,4.386,78.928,272.4,972.998,5.259,N,4477.779,2.168,High Yeild
TRICH_879,29.904,4.597,17.52,92.319,253.136,1633.885,5.32,Y,3842.417,2.882,Low yeild
TRICH_880,22.694,5.623,-19.703,92.132,235.805,1581.905,6.312,Y,4009.092,5.965,Medium yeild
TRICH_881,29.059,5.23,54.799,106.471,257.95,1089.052,6.053,Y,4633.228,3.049,Low yeild
TRICH_882,23.404,5.589,16.769,113.874,232.324,2266.282,6.393,N,3351.226,5.533,Medium Yeild
TRICH_883,28.006,5.049,7.973,93.827,243.202,1202.398,5.059,Y,4679.353,3.959,Medium Yeild
TRICH_884,23.738,5.549,18.177,63.335,250.852,967.634,5.341,N,3920.252,0.786,Medium Yeild
TRICH_885,28.199,3.99,8.633,90.223,228.448,1329.617,5.539,N,4779.963,6.094,Low yeild
TRICH_886,24.137,6.264,7.04,89.207,282.033,72.227,5.737,Y,2899.993,1.021,Low yeild
TRICH_887,26.378,5.434,-14.361,89.587,277.132,949.4,7.096,Y,4037.742,2.032,Medium yeild
TRICH_888,33.962,6.374,-10.91,51.145,251.482,1685.824,6.775,N,4615.096,-0.365,Medium Yeild
TRICH_889,30.088,4.868,8.736,86.234,218.485,1985.229,5.396,Y,3776.934,-1.755,Low yeild
TRICH_890,29.207,4.853,29.916,85.465,225.489,1148.188,7.225,N,5227.245,4.555,Medium Yeild
TRICH_891,21.955,4.272,-32.681,74.357,255.642,-51.777,5.934,N,4994.31,6.437,Medium Yeild
TRICH_892,26.953,6.3,13.513,102.387,262.664,1171.406,5.662,N,3803.911,5.487,Medium Yeild
TRICH_893,25.109,4.726,39.355,94.751,268.83,-194.588,5.911,Y,4195.117,5.071,High Yeild
TRICH_894,26.709,4.72,11.215,98.173,249.184,1427.758,4.836,N,3368.73,1.313,High Yeild
TRICH_895,28.399,5.31,11.675,102.379,257.957,1033.411,4.951,Y,4796.293,3.069,Medium Yeild
TRICH_896,26.579,3.871,42.093,39.489,219.255,1295.699,6.075,N,4238.517,2.533,Medium Yeild
TRICH_897,28.765,4.945,-13.833,92.098,273.296,1388.863,6.353,N,4044.998,0.308,Medium Yeild
TRICH_898,30.406,4.59,41.26,79.067,247.204,1793.734,7.31,Y,4371.206,0.935,Medium Yeild
TRICH_899,29.138,6.653,26.87,64.59,257.944,1941.421,6.275,N,4240.333,-0.331,Medium Yeild
TRICH_900,27.641,4.492,9.807,90.016,255.877,1277.039,4.855,Y,3459.543,0.135,Medium Yeild
TRICH_901,30.757,4.945,12.895,79.47,249.393,596.481,6.014,Y,3501.673,2.068,Medium yeild
TRICH_902,24.447,5.744,21.043,99.37,243.343,1479.782,5.441,N,4258.628,2.137,Medium Yeild
TRICH_903,32.237,5.007,46.212,92.733,211.625,1608.802,4.081,N,4549.642,3.146,Low yeild
TRICH_904,25.156,4.675,40.408,90.67,259.985,834.812,5.188,N,4223.951,3.221,Low yeild
TRICH_905,24.529,5.937,4.594,87.685,253.186,578.825,4.996,N,4675.754,3.882,Low yeild
TRICH_906,28.4,4.896,45.154,106.21,280.187,1842.317,5.844,Y,4552.751,-1.435,Low yeild
TRICH_907,31.028,6.278,56.103,110.936,228.511,781.303,6.33,Y,4000.617,0.342,Medium Yeild
TRICH_908,24.767,4.453,-16.019,91.367,271.066,584.253,4.39,N,4535.131,3.112,Medium yeild
TRICH_909,27.983,4.786,3.87,86.711,216.44,260.412,6.225,Y,3886.489,3.053,Medium Yeild
TRICH_910,27.296,4.294,-0.879,58.065,242.383,822.955,8.309,N,3850.326,1.074,Low yeild
TRICH_911,25.628,5.002,22.213,65.061,260.175,1547.389,4.704,N,3813.935,-1.274,Low yeild
TRICH_912,30.269,4.991,-8.239,61.861,263.711,730.247,5.936,Y,3836.414,5.937,High Yeild
TRICH_913,26.6,4.375,31.228,49.768,272.004,1545.068,5.062,N,3554.823,3.912,Low yeild
TRICH_914,26.829,7.063,39.921,67.216,233.922,1211.38,5.668,N,3932.249,3.007,Low yeild
TRICH_915,23.538,5.319,24.716,122.751,230.24,1333.572,6.964,Y,4332.36,2.28,Medium Yeild
TRICH_916,27.423,4.993,7.669,89.056,289.05,1173.263,4.408,Y,4788.259,2.059,Low yeild
TRICH_917,26.913,5.407,-0.335,68.963,245.238,488.997,5.813,Y,4078.774,0.968,Medium Yeild
TRICH_918,25.992,4.354,49.747,115.411,236.418,1543.105,4.858,N,4217.495,3.179,Medium Yeild
TRICH_919,26.291,5.848,2.9,115.47,249.694,1001.316,4.796,N,4474.781,2.608,Low yeild
TRICH_920,31.862,5.519,26.768,62.979,277.736,706.833,5.875,N,4359.415,2.008,Medium Yeild
TRICH_921,26.882,5.753,36.79,53.02,243.123,1289.739,6.112,Y,3409.085,-1.439,Low yeild
TRICH_922,28.009,5.908,39.871,120.094,270.225,1281.102,5.578,N,4004.108,2.393,Low yeild
TRICH_923,25.386,6.154,6.995,114.037,269.313,1261.312,4.506,N,4512.121,3.008,Low yeild
TRICH_924,28.624,4.653,42.337,117.979,264.391,1797.043,5.644,N,3474.766,5.546,Low yeild
TRICH_925,30.03,5.563,8.024,80.276,251.768,1347.853,5.266,N,4611.3,2.874,Medium Yeild
TRICH_926,28.226,5.205,30.65,120.813,269.32,623.933,5.901,N,4134.137,2.958,Medium Yeild
TRICH_927,25.926,5.013,34.37,107.53,247.288,1025.72,4.578,Y,4589.309,4.397,Low yeild
TRICH_928,29.243,5.63,-1.36,83.076,261.308,835.26,6.882,N,3996.72,1.867,High Yeild
TRICH_929,26.807,5.101,18.37,93.92,274.871,1617.139,4.759,N,4067.54,4.012,Medium Yeild
TRICH_930,31.46,4.147,35.357,78.551,259.448,226.776,6.147,N,4760.617,1.045,Medium yeild
TRICH_931,29.557,5.441,18.152,123.072,285.876,2462.27,5.483,N,4493.213,1.873,Low yeild
TRICH_932,26.544,4.115,30.721,48.682,266.378,2794.559,5.131,N,4582.365,4.971,High Yeild
TRICH_933,31.057,5.043,-6.399,110.202,274.167,907.964,5.769,N,4576.274,-1.977,High Yeild
TRICH_934,25.172,4.308,25.538,106.92,283.012,969.711,4.703,N,4023.004,2.298,Medium Yeild
TRICH_935,25.087,5.454,12.025,117.89,255.517,303.51,8.2,N,3825.861,6.153,Low yeild
TRICH_936,26.002,4.602,7.872,85.759,289.95,1426.509,5.093,N,3770.22,2.493,Low yeild
TRICH_937,27.969,5.65,-10.683,130.153,250.653,674.66,5.194,N,4014.109,1.207,Low yeild
TRICH_938,27.195,4.441,34.941,70.489,227.952,268.594,4.85,Y,3448.065,1.574,High Yeild
TRICH_939,25.215,5.324,-13.856,91.076,245.042,2029.323,5.126,Y,4386.754,4.545,Low yeild
TRICH_940,25.005,5.435,12.265,64.595,264.929,1664.086,6.604,Y,5077.987,0.631,Low yeild
TRICH_941,26.644,4.512,53.868,89.593,229.67,275.992,5.32,Y,3773.088,0.897,High Yeild
TRICH_942,26.64,4.18,13.748,94.992,233.03,1515.857,5.388,Y,4687.603,3.639,Low yeild
TRICH_943,24.715,4.653,23.821,90.765,285.685,535.917,5.213,N,4329.848,6.43,High Yeild
TRICH_944,22.274,5.63,36.568,106.235,224.17,1988.402,4.446,N,3794.309,4.361,High Yeild
TRICH_945,28.81,4.125,-19.986,112.018,247.723,724.635,4.568,Y,5242.605,1.269,Low yeild
TRICH_946,26.406,5.775,10.808,69.392,216.811,1464.68,7.321,N,3868.969,4.769,Low yeild
TRICH_947,28.487,6.64,51.564,87.777,260.271,1495.514,6.139,N,4011.431,3.209,Low yeild
TRICH_948,29.612,5.134,39.628,75.07,243.813,419.018,4.407,N,4504.649,-0.843,High Yeild
TRICH_949,27.233,5.09,2.299,75.086,275.71,914.101,7.197,N,4138.302,5.325,High Yeild
TRICH_950,26.574,6.672,16.427,53.295,230.536,705.21,6.455,N,4654.742,-1.065,Medium Yeild
TRICH_951,25.569,5.521,41.557,99.862,215.173,893.208,7.916,Y,4674.636,1.958,Medium Yeild
TRICH_952,29.6,4.883,80.686,102.462,233.694,1135.329,7.003,N,4252.083,4.172,Medium Yeild
TRICH_953,26.762,5.876,50.655,127.757,235.331,1336.765,5.96,N,4286.279,0.662,Medium Yeild
TRICH_954,31.004,4.334,46.361,114.069,261.643,1829.37,7.014,Y,3755.381,5.349,High Yeild
TRICH_955,27.734,4.96,23.433,113.574,250.415,1142.064,5.541,N,4151.208,1.003,Medium Yeild
TRICH_956,26.662,6.437,46.179,121.086,225.599,729.316,4.76,N,3654.074,1.77,Medium Yeild
TRICH_957,25.373,4.773,44.548,100.32,211.508,1883.524,5.742,N,3433.197,3.084,Low yeild
TRICH_958,27.187,4.931,-32.469,100.804,213.111,1782.502,4.597,N,3359.17,6.511,Low yeild
TRICH_959,29.321,4.674,10.477,73.51,307.41,1170.515,5.362,N,4385.102,4.691,Low yeild
TRICH_960,31.458,4.419,11.686,107.792,282.577,582.211,3.954,N,3905.544,0.348,Medium Yeild
TRICH_961,28.329,6.224,24.894,110.94,277.628,1568.848,5.245,N,4129.377,-2.148,High Yeild
TRICH_962,25.988,6.408,28.892,64.169,224.032,2325.113,5.271,N,3744.23,2.847,Low yeild
TRICH_963,24.81,3.867,20.158,120.011,239.19,1047.068,5.043,Y,3786.525,3.53,Low yeild
TRICH_964,25.614,5.231,48.523,89.391,253.613,706.413,5.74,Y,4783.821,6.105,Medium Yeild
TRICH_965,23.88,5.791,19.982,74.683,240.812,2010.993,4.257,N,4635.735,4.169,Medium Yeild
TRICH_966,23.8,5.899,54.432,67.151,266.88,742.928,5.03,N,3348.494,2.224,Medium Yeild
TRICH_967,23.407,4.874,-2.823,80.82,285.688,221.395,4.555,N,4504.684,1.808,Low yeild
TRICH_968,26.835,4.139,18.829,99.714,257.864,1247.518,6.414,Y,2667.086,3.651,Low yeild
TRICH_969,26.187,4.202,-10.62,87.762,236.278,1907.091,4.933,N,4154.002,3.029,Low yeild
TRICH_970,21.6,4.969,-11.141,77.694,255.423,522.415,5.007,N,3735.104,1.878,Medium Yeild
TRICH_971,27.809,4.969,34.67,62.099,287.209,1714.114,5.382,N,3231.238,0.728,Medium Yeild
TRICH_972,26.394,5.57,7.633,116.779,256.396,944.913,6.882,Y,4226.488,-0.708,Low yeild
TRICH_973,27.735,5.069,28.701,98.333,268.768,1067.982,5.908,Y,3995.819,4.913,Low yeild
TRICH_974,24.855,5.129,-25.976,83.541,258.738,1582.304,4.65,N,4288.31,4.234,Low yeild
TRICH_975,29.219,5.119,-2.081,87.521,298.899,491.726,5.988,N,4043.137,-1.845,Low yeild
TRICH_976,23.259,3.827,45.289,74.189,225.071,186.598,5.776,N,4539.926,2.235,Low yeild
TRICH_977,29.477,5.386,-5.272,98.941,228.013,1405.12,5.54,Y,5035.105,-1.038,Medium Yeild
TRICH_978,26.787,4.649,15.207,59.887,275.624,704.691,5.642,N,3826.123,0.831,Low yeild
TRICH_979,33.121,5.673,32.455,118.83,262.476,1251.345,5.483,N,3815.528,0.336,Medium Yeild
TRICH_980,26.06,4.44,73.106,148.251,265.401,105.623,7.092,N,4855.593,2.151,Medium Yeild
TRICH_981,26.931,5.147,-16.689,63.903,238.206,1818.362,2.929,N,4481.704,1.445,Low yeild
TRICH_982,26.457,3.944,40.631,81.101,247.416,1563.518,5.445,N,3111.577,-1.042,Low yeild
TRICH_983,34.071,5.544,12.336,84.414,215.707,851.244,5.78,Y,4120.233,-2.568,Medium Yeild
TRICH_984,21.526,4.786,26.876,62.622,250.093,1073.339,5.749,N,4181.79,3.991,Medium Yeild
TRICH_985,27.663,6.353,40.099,73.577,258.236,637.323,5.733,N,3454.061,3.689,Low yeild
TRICH_986,25.798,5.238,14.903,112.844,253.006,1298.274,6.186,N,3679.219,5.221,Low yeild
TRICH_987,23.315,4.576,4.836,117.821,237.497,1594.056,4.201,Y,4422.971,-1.059,Low yeild
TRICH_988,29.887,5.42,0.309,79.515,271.652,566.849,6.008,N,3794.754,0.521,Low yeild
TRICH_989,25.268,5.434,33.829,56.382,248.838,611.846,7.986,N,4707.633,4.098,Low yeild
TRICH_990,25.872,4.775,48.031,100.588,246.976,1519.876,4.317,N,3714.091,0.04,Medium Yeild
TRICH_991,28.79,6.019,32.189,111.629,256.654,964.241,3.468,Y,4516.934,6.014,Low yeild
TRICH_992,26.083,5.528,46.214,79.084,281.135,1516.601,4.971,Y,3832.951,3.942,Medium Yeild
TRICH_993,29.513,5.174,-15.124,64.032,259.151,279.012,5.937,N,4118.083,2.041,High Yeild
TRICH_994,31.62,5.218,-7.362,78.126,221.457,1450.085,6.354,N,4808.125,3.943,Low yeild
TRICH_995,27.072,5.269,-8.004,92.017,261.478,1225.474,5.099,Y,3612.779,3.424,Low yeild
TRICH_996,26.046,5.368,15.094,99.542,274.873,1766.908,6.019,N,4427.538,3.064,Low yeild
TRICH_997,27.531,5.01,9.457,78.238,278.679,2347.377,4.731,N,4181.267,5.264,Low yeild
TRICH_998,25.392,4.838,-5.681,112.245,275.986,1023.041,5.574,Y,3978.739,-4.843,Medium Yeild
TRICH_999,24.612,4.974,0.696,79.743,240.534,2326.233,5.326,N,3294.996,3.89,Medium Yeild
TRICH_1000,30.84,4.754,25.542,94.666,262.245,2139.181,5.744,N,3929.697,1.903,Low yeild
